split_group_id,n_members,members,member_clades,resolved_clades,contains_unresolved,quarantine_anchors,requires_manual_review,group_label,group_status,partition_eligible
MIDPIWI_006d4d26a3a42f8c,1,WP_055195547.1,LONG_A,LONG_A,False,,False,SINGLE_LONG_A,OK,True
MIDPIWI_011be70c20da42ad,1,WP_088257333.1,LONG_B,LONG_B,False,,False,SINGLE_LONG_B,OK,True
MIDPIWI_01511af4fbdae408,1,WP_026764177.1,LONG_B,LONG_B,False,,False,SINGLE_LONG_B,OK,True
MIDPIWI_01dd422b1c3ec451,2,WP_002801241.1 WP_008205290.1,LONG_A,LONG_A,False,,False,SINGLE_LONG_A,OK,True
MIDPIWI_02406a431cc6cc30,2,WP_034679766.1 WP_034870033.1,SHORT,SHORT,False,,False,SINGLE_SHORT,OK,True
MIDPIWI_025d1021ed1e661c,1,WP_078365264.1,SHORT,SHORT,False,,False,SINGLE_SHORT,OK,True
MIDPIWI_02d5ad8761218efb,1,WP_087738801.1,SHORT,SHORT,False,,False,SINGLE_SHORT,OK,True
MIDPIWI_030a536c9416cef7,2,WP_005372460.1 WP_031431803.1,SHORT,SHORT,False,,False,SINGLE_SHORT,OK,True
MIDPIWI_04968432b8f4c165,1,WP_013878483.1,LONG_A,LONG_A,False,,False,SINGLE_LONG_A,OK,True
MIDPIWI_04cf15c85b9069c5,1,WP_096386367.1,LONG_A,LONG_A,False,,False,SINGLE_LONG_A,OK,True
MIDPIWI_065eda7d97120487,4,WP_011516870.1 WP_018005263.1 WP_037057030.1 WP_061958300.1,SHORT,SHORT,False,,False,SINGLE_SHORT,OK,True
MIDPIWI_0669a0bab5d4842a,7,NP_443795.1 WP_010875054.1 WP_011971022.1 WP_075634049.1 WP_088194762.1 WP_097544715.1 YP_001314988.1,SHORT,SHORT,False,,False,SINGLE_SHORT,OK,True
MIDPIWI_0700244e5ddfa102,1,WP_085937813.1,SHORT,SHORT,False,,False,SINGLE_SHORT,OK,True
MIDPIWI_075d5502fca55f74,1,WP_064665417.1,SHORT,SHORT,False,,False,SINGLE_SHORT,OK,True
MIDPIWI_075f9e1973f878ca,1,WP_060408162.1,SHORT,SHORT,False,,False,SINGLE_SHORT,OK,True
MIDPIWI_07733cf03fc7d206,1,WP_052192192.1,SHORT,SHORT,False,,False,SINGLE_SHORT,OK,True
MIDPIWI_07959f09f108fb4e,1,WP_094291738.1,SHORT,SHORT,False,,False,SINGLE_SHORT,OK,True
MIDPIWI_07db87b6888a5010,1,WP_009787621.1,LONG_A,LONG_A,False,,False,SINGLE_LONG_A,OK,True
MIDPIWI_0853a3995121cffa,1,WP_092226355.1,SHORT,SHORT,False,,False,SINGLE_SHORT,OK,True
MIDPIWI_08a71e1aa32199f7,4,WP_008390487.1 WP_011996092.1 WP_036284033.1 WP_099832012.1,SHORT,SHORT,False,,False,SINGLE_SHORT,OK,True
MIDPIWI_08b37b6a20f49a29,1,WP_088891256.1,LONG_A,LONG_A,False,,False,SINGLE_LONG_A,OK,True
MIDPIWI_095575ac04155f73,2,WP_026927916.1 WP_077684788.1,SHORT,SHORT,False,,False,SINGLE_SHORT,OK,True
MIDPIWI_097c385b74b1513d,1,WP_015895835.1,SHORT,SHORT,False,,False,SINGLE_SHORT,OK,True
MIDPIWI_0a4870732b68821a,1,WP_066548972.1,SHORT,SHORT,False,,False,SINGLE_SHORT,OK,True
MIDPIWI_0a5ef9605f23eb0e,1,WP_074856960.1,LONG_B,LONG_B,False,,False,SINGLE_LONG_B,OK,True
MIDPIWI_0a6aa042c8aabe2d,1,WP_088656112.1,LONG_B,LONG_B,False,,False,SINGLE_LONG_B,OK,True
MIDPIWI_0aa9237ef5f4d242,1,WP_028031285.1,SHORT,SHORT,False,,False,SINGLE_SHORT,OK,True
MIDPIWI_0ad414b1213eaf42,7,WP_007015521.1 WP_010683363.1 WP_024021728.1 WP_058195190.1 WP_068094634.1 WP_075628771.1 WP_093081848.1,SHORT,SHORT,False,,False,SINGLE_SHORT,OK,True
MIDPIWI_0b1adb1d7baa904b,1,WP_083716754.1,SHORT,SHORT,False,,False,SINGLE_SHORT,OK,True
MIDPIWI_0b4395374b85c285,1,WP_072554966.1,LONG_B,LONG_B,False,,False,SINGLE_LONG_B,OK,True
MIDPIWI_0bebb83812123aa2,1,WP_015056743.1,SHORT,SHORT,False,,False,SINGLE_SHORT,OK,True
MIDPIWI_0c58a2dacb20122a,1,WP_015791216.1,LONG_A,LONG_A,False,,False,SINGLE_LONG_A,OK,True
MIDPIWI_0c9753f6d72fed68,1,WP_083967189.1,SHORT,SHORT,False,,False,SINGLE_SHORT,OK,True
MIDPIWI_0d40193e61a3a396,1,WP_034404411.1,LONG_A,LONG_A,False,,False,SINGLE_LONG_A,OK,True
MIDPIWI_0d52c74354374133,1,WP_052846682.1,LONG_B,LONG_B,False,,False,SINGLE_LONG_B,OK,True
MIDPIWI_0e39a1e63fc0160e,1,WP_012952863.1,LONG_A,LONG_A,False,,False,SINGLE_LONG_A,OK,True
MIDPIWI_0e5a841267a85668,1,WP_090624110.1,SHORT,SHORT,False,,False,SINGLE_SHORT,OK,True
MIDPIWI_0e8f6a716aaa1d26,1,WP_062128845.1,SHORT,SHORT,False,,False,SINGLE_SHORT,OK,True
MIDPIWI_0ead8626a4e2a417,1,WP_089355803.1,SHORT,SHORT,False,,False,SINGLE_SHORT,OK,True
MIDPIWI_0eb56b911e1ec74f,1,WP_028095444.1,SHORT,SHORT,False,,False,SINGLE_SHORT,OK,True
MIDPIWI_0f227a35f8a27ae7,1,WP_042419824.1,SHORT,SHORT,False,,False,SINGLE_SHORT,OK,True
MIDPIWI_0f4639929da3114c,7,WP_039442424.1 WP_043087749.1 WP_057498726.1 WP_057502543.1 WP_062171242.1 WP_082340613.1 WP_088100472.1,SHORT,SHORT,False,,False,SINGLE_SHORT,OK,True
MIDPIWI_0f5adf7dded57482,1,WP_018016395.1,SHORT,SHORT,False,,False,SINGLE_SHORT,OK,True
MIDPIWI_0fa11ebaa669f6f1,1,WP_077026978.1,LONG_B,LONG_B,False,,False,SINGLE_LONG_B,OK,True
MIDPIWI_0fa13e543b1bff92,1,WP_008387991.1,SHORT,SHORT,False,,False,SINGLE_SHORT,OK,True
MIDPIWI_0fbd9a5cadd1a0f7,3,WP_006111085.1 WP_049917000.1 WP_049969002.1,LONG_A,LONG_A,False,,False,SINGLE_LONG_A,OK,True
MIDPIWI_103f347d8d350f03,1,WP_006270761.1,SHORT,SHORT,False,,False,SINGLE_SHORT,OK,True
MIDPIWI_105569cba2c176c9,1,WP_029193119.1,SHORT,SHORT,False,,False,SINGLE_SHORT,OK,True
MIDPIWI_109d9ca08b8e14fd,1,WP_051559024.1,LONG_B,LONG_B,False,,False,SINGLE_LONG_B,OK,True
MIDPIWI_10a10aa135d3273b,1,WP_099799494.1,LONG_A,LONG_A,False,,False,SINGLE_LONG_A,OK,True
MIDPIWI_114befab0db77609,1,WP_004672358.1,SHORT,SHORT,False,,False,SINGLE_SHORT,OK,True
MIDPIWI_118cb97cc0a38ed3,1,WP_012735993.1,UNRESOLVED,,True,SiAgo,True,UNRESOLVED_ONLY,QUARANTINE,False
MIDPIWI_11b445d833cc64ad,2,WP_014956171.1 WP_031452536.1,SHORT,SHORT,False,,False,SINGLE_SHORT,OK,True
MIDPIWI_122ca674f6bf141c,5,WP_008580551.1 WP_058568616.1 WP_066419254.1 WP_089699122.1 WP_092907645.1,SHORT,SHORT,False,,False,SINGLE_SHORT,OK,True
MIDPIWI_1261d5ab6af3c92f,2,WP_004968197.1 WP_049907365.1,LONG_A,LONG_A,False,,False,SINGLE_LONG_A,OK,True
MIDPIWI_12a0cdebdc7f010d,5,WP_004594459.1 WP_006169674.1 WP_008458795.1 WP_049938490.1 WP_049943687.1,SHORT,SHORT,False,,False,SINGLE_SHORT,OK,True
MIDPIWI_12efb04b39d360e5,1,WP_079365507.1,LONG_B,LONG_B,False,,False,SINGLE_LONG_B,OK,True
MIDPIWI_1307869cf014a2ea,1,WP_044171549.1,LONG_B,LONG_B,False,,False,SINGLE_LONG_B,OK,True
MIDPIWI_138d268c2a51f984,1,WP_026448204.1,SHORT,SHORT,False,,False,SINGLE_SHORT,OK,True
MIDPIWI_141bb4f9d2a4c4eb,1,WP_099531684.1,LONG_A,LONG_A,False,,False,SINGLE_LONG_A,OK,True
MIDPIWI_14310a79dfc93783,1,WP_026423302.1,SHORT,SHORT,False,,False,SINGLE_SHORT,OK,True
MIDPIWI_143697ad68f03424,1,WP_084286803.1,LONG_A,LONG_A,False,,False,SINGLE_LONG_A,OK,True
MIDPIWI_14756af0c97cdf5e,1,WP_090996333.1,LONG_A,LONG_A,False,,False,SINGLE_LONG_A,OK,True
MIDPIWI_147c88985e16d628,1,WP_022727543.1,SHORT,SHORT,False,,False,SINGLE_SHORT,OK,True
MIDPIWI_147eaecce301e5d0,1,WP_015157107.1,LONG_A,LONG_A,False,,False,SINGLE_LONG_A,OK,True
MIDPIWI_151a1db53a012e1a,1,WP_089765999.1,LONG_B,LONG_B,False,,False,SINGLE_LONG_B,OK,True
MIDPIWI_153c759b8da55c36,1,WP_077117441.1,LONG_B,LONG_B,False,,False,SINGLE_LONG_B,OK,True
MIDPIWI_15f78a9f7a1bcf23,2,WP_032135203.1 WP_091535645.1,SHORT,SHORT,False,,False,SINGLE_SHORT,OK,True
MIDPIWI_16612ea6d4784f06,1,WP_061096135.1,LONG_A,LONG_A,False,,False,SINGLE_LONG_A,OK,True
MIDPIWI_16d7c62064efc8d1,1,WP_099434566.1,LONG_A,LONG_A,False,,False,SINGLE_LONG_A,OK,True
MIDPIWI_16f8a17656cc3cea,7,WP_012575214.1 WP_026011736.1 WP_035063661.1 WP_035065747.1 WP_042896060.1 WP_055441081.1 WP_085789107.1,LONG_A,LONG_A,False,,False,SINGLE_LONG_A,OK,True
MIDPIWI_173afbfa63a33186,1,WP_019497030.1,LONG_A,LONG_A,False,,False,SINGLE_LONG_A,OK,True
MIDPIWI_1741fb4abff012da,1,WP_062422190.1,LONG_B,LONG_B,False,,False,SINGLE_LONG_B,OK,True
MIDPIWI_17711c22b49b49ee,1,WP_058316939.1,LONG_A,LONG_A,False,,False,SINGLE_LONG_A,OK,True
MIDPIWI_17d7a8f28e69699e,2,WP_010044791.1 WP_029630398.1,LONG_B,LONG_B,False,,False,SINGLE_LONG_B,OK,True
MIDPIWI_18168757e4cb9689,1,WP_065383217.1,LONG_B,LONG_B,False,,False,SINGLE_LONG_B,OK,True
MIDPIWI_182495ebe92d6dd8,1,WP_092282753.1,SHORT,SHORT,False,,False,SINGLE_SHORT,OK,True
MIDPIWI_185a3356700a01cb,2,NP_952414.1 WP_010942012.1,SHORT,SHORT,False,,False,SINGLE_SHORT,OK,True
MIDPIWI_188cc84173fb3253,1,WP_092119516.1,SHORT,SHORT,False,,False,SINGLE_SHORT,OK,True
MIDPIWI_18a7d59355075779,4,WP_059945304.1 WP_085482892.1 WP_089457547.1 WP_100085051.1,SHORT,SHORT,False,,False,SINGLE_SHORT,OK,True
MIDPIWI_19482f28ddf25f2a,1,WP_080977504.1,LONG_B,LONG_B,False,,False,SINGLE_LONG_B,OK,True
MIDPIWI_19d3ba338d6f908f,1,WP_014773309.1,LONG_B,LONG_B,False,,False,SINGLE_LONG_B,OK,True
MIDPIWI_1a059de56e0c71e1,2,NP_630911.1 WP_011031225.1,LONG_B,LONG_B,False,,False,SINGLE_LONG_B,OK,True
MIDPIWI_1a3af7ba992ed0c4,1,WP_094072910.1,LONG_B,LONG_B,False,,False,SINGLE_LONG_B,OK,True
MIDPIWI_1a514573e79860b0,1,WP_043061314.1,SHORT,SHORT,False,,False,SINGLE_SHORT,OK,True
MIDPIWI_1acdcd5dddf18095,1,WP_052368014.1,LONG_A,LONG_A,False,,False,SINGLE_LONG_A,OK,True
MIDPIWI_1b4013c2dc00d6ab,4,WP_046237973.1 WP_049284969.1 WP_053244068.1 WP_088326165.1,SHORT,SHORT,False,,False,SINGLE_SHORT,OK,True
MIDPIWI_1b5a2e4ae98594ad,1,WP_058282028.1,SHORT,SHORT,False,,False,SINGLE_SHORT,OK,True
MIDPIWI_1b637e40e964d7d8,1,WP_048095815.1,LONG_A,LONG_A,False,,False,SINGLE_LONG_A,OK,True
MIDPIWI_1b97de64e32d8e32,1,WP_044394879.1,SHORT,SHORT,False,,False,SINGLE_SHORT,OK,True
MIDPIWI_1c1012cef86f4915,1,WP_048500688.1,SHORT,SHORT,False,,False,SINGLE_SHORT,OK,True
MIDPIWI_1c21314f688d5264,2,WP_041946582.1 WP_097200709.1,SHORT,SHORT,False,,False,SINGLE_SHORT,OK,True
MIDPIWI_1c715db5de08b414,2,WP_049772080.1 WP_082240375.1,SHORT,SHORT,False,,False,SINGLE_SHORT,OK,True
MIDPIWI_1cbee3a94e153e27,1,WP_101294153.1,LONG_B,LONG_B,False,,False,SINGLE_LONG_B,OK,True
MIDPIWI_1d7720f5919d23e0,1,WP_042608003.1,SHORT,SHORT,False,,False,SINGLE_SHORT,OK,True
MIDPIWI_1de07bcaaa948c50,1,WP_073132933.1,SHORT,SHORT,False,,False,SINGLE_SHORT,OK,True
MIDPIWI_1e0da772173d098c,1,WP_081444939.1,SHORT,SHORT,False,,False,SINGLE_SHORT,OK,True
MIDPIWI_1fc97cc5288c60f9,1,WP_100990083.1,LONG_A,LONG_A,False,,False,SINGLE_LONG_A,OK,True
MIDPIWI_20ea701a8d9c1050,1,WP_012966655.1,LONG_A,LONG_A,False,,False,SINGLE_LONG_A,OK,True
MIDPIWI_213baed6a61e6361,1,WP_100161590.1,LONG_A,LONG_A,False,,False,SINGLE_LONG_A,OK,True
MIDPIWI_216605e791197a2c,1,WP_081057482.1,LONG_B,LONG_B,False,,False,SINGLE_LONG_B,OK,True
MIDPIWI_21bdf193c9a592b8,1,WP_081599527.1,LONG_A,LONG_A,False,,False,SINGLE_LONG_A,OK,True
MIDPIWI_22ba286982b58c7e,1,WP_024981710.1,LONG_B,LONG_B,False,,False,SINGLE_LONG_B,OK,True
MIDPIWI_22cb207c44e5311b,1,WP_009361466.1,LONG_B,LONG_B,False,,False,SINGLE_LONG_B,OK,True
MIDPIWI_236a69bf56e16656,1,WP_056176878.1,SHORT,SHORT,False,,False,SINGLE_SHORT,OK,True
MIDPIWI_239d87cdd6da15a4,1,WP_026299638.1,SHORT,SHORT,False,,False,SINGLE_SHORT,OK,True
MIDPIWI_23bf69bf2cf72af4,1,WP_089764886.1,LONG_A,LONG_A,False,,False,SINGLE_LONG_A,OK,True
MIDPIWI_23e5826883a76c93,1,WP_098195163.1,SHORT,SHORT,False,,False,SINGLE_SHORT,OK,True
MIDPIWI_24383a583ff09086,1,WP_052886194.1,UNRESOLVED,,True,,False,UNRESOLVED_ONLY,REVIEW,False
MIDPIWI_24bb39a29ed4f6f7,2,WP_010123963.1 WP_054435361.1,SHORT,SHORT,False,,False,SINGLE_SHORT,OK,True
MIDPIWI_24e98f4553ab28f8,1,WP_068240872.1,SHORT,SHORT,False,,False,SINGLE_SHORT,OK,True
MIDPIWI_2508a2a8ec23ac08,1,WP_096354083.1,LONG_A,LONG_A,False,,False,SINGLE_LONG_A,OK,True
MIDPIWI_25da8c473f572c14,1,WP_016736428.1,SHORT,SHORT,False,,False,SINGLE_SHORT,OK,True
MIDPIWI_260053ecd23c0205,1,WP_066978564.1,SHORT,SHORT,False,,False,SINGLE_SHORT,OK,True
MIDPIWI_26196ebc9abe5fb4,1,WP_013451524.1,LONG_B,LONG_B,False,,False,SINGLE_LONG_B,OK,True
MIDPIWI_26821bf7d1e39c97,1,WP_052744931.1,SHORT,SHORT,False,,False,SINGLE_SHORT,OK,True
MIDPIWI_269deb3a6a786d0b,1,WP_046408758.1,SHORT,SHORT,False,,False,SINGLE_SHORT,OK,True
MIDPIWI_2725ac9d9f40adf5,1,WP_034345674.1,SHORT,SHORT,False,,False,SINGLE_SHORT,OK,True
MIDPIWI_2727cf1da339e828,1,WP_072017558.1,SHORT,SHORT,False,,False,SINGLE_SHORT,OK,True
MIDPIWI_277c199b142a14f6,1,WP_073904485.1,SHORT,SHORT,False,,False,SINGLE_SHORT,OK,True
MIDPIWI_2791302368f9f9f1,2,WP_075666638.1 WP_077198807.1,LONG_A,LONG_A,False,,False,SINGLE_LONG_A,OK,True
MIDPIWI_27ae6c620e88c24d,1,WP_051168181.1,LONG_A,LONG_A,False,,False,SINGLE_LONG_A,OK,True
MIDPIWI_27d3bd8315f6e87d,1,WP_092048391.1,SHORT,SHORT,False,,False,SINGLE_SHORT,OK,True
MIDPIWI_2851b93add3c6980,1,WP_031194042.1,LONG_B,LONG_B,False,,False,SINGLE_LONG_B,OK,True
MIDPIWI_291e2216100525a6,1,WP_087252836.1,SHORT,SHORT,False,,False,SINGLE_SHORT,OK,True
MIDPIWI_292bcb0db4e41a90,1,WP_015118671.1,LONG_A,LONG_A,False,,False,SINGLE_LONG_A,OK,True
MIDPIWI_2945461977df4a92,1,WP_030539671.1,SHORT,SHORT,False,,False,SINGLE_SHORT,OK,True
MIDPIWI_29d0a95b82d90694,1,WP_026609465.1,SHORT,SHORT,False,,False,SINGLE_SHORT,OK,True
MIDPIWI_29d5731e6721bdfd,9,WP_014195559.1 WP_020279644.1 WP_023817613.1 WP_042383163.1 WP_049625402.1 WP_062755455.1 WP_064221217.1 WP_090949002.1 WP_094238542.1,LONG_A,LONG_A,False,,False,SINGLE_LONG_A,OK,True
MIDPIWI_2a15f6fcafa7a2a4,1,WP_012912354.1,LONG_B,LONG_B,False,,False,SINGLE_LONG_B,OK,True
MIDPIWI_2aacf649f35a90ed,3,WP_013500616.1 WP_071036708.1 WP_071069330.1,LONG_B,LONG_B,False,,False,SINGLE_LONG_B,OK,True
MIDPIWI_2b340e04015c4ec3,5,WP_008615787.1 WP_025665356.1 WP_047547418.1 WP_074724477.1 WP_101018292.1,SHORT,SHORT,False,,False,SINGLE_SHORT,OK,True
MIDPIWI_2b3ed6ba3e8dea62,4,WP_026824436.1 WP_034806158.1 WP_049759955.1 WP_083600058.1,LONG_A,LONG_A,False,,False,SINGLE_LONG_A,OK,True
MIDPIWI_2c56cac13743b717,2,WP_065720110.1 WP_076783222.1,LONG_B,LONG_B,False,,False,SINGLE_LONG_B,OK,True
MIDPIWI_2d7c75fbb87b3cde,1,WP_093281619.1,SHORT,SHORT,False,,False,SINGLE_SHORT,OK,True
MIDPIWI_2d90821c614b1e3d,2,WP_011910606.1 WP_023920034.1,LONG_B,LONG_B,False,,False,SINGLE_LONG_B,OK,True
MIDPIWI_2db836dfd5699b91,1,WP_047388363.1,LONG_B,LONG_B,False,,False,SINGLE_LONG_B,OK,True
MIDPIWI_2dd4df0a67384ace,1,WP_068185907.1,SHORT,SHORT,False,,False,SINGLE_SHORT,OK,True
MIDPIWI_2e1acd92587c2486,1,WP_068847674.1,SHORT,SHORT,False,,False,SINGLE_SHORT,OK,True
MIDPIWI_2e1df91f4b22cfd4,1,WP_015807620.1,LONG_B,LONG_B,False,,False,SINGLE_LONG_B,OK,True
MIDPIWI_2e3df5d386bd7c65,1,WP_092395190.1,LONG_B,LONG_B,False,,False,SINGLE_LONG_B,OK,True
MIDPIWI_2f19d8db01921c82,1,WP_081892299.1,LONG_B,LONG_B,False,,False,SINGLE_LONG_B,OK,True
MIDPIWI_2f2f1155e2d495d9,1,WP_053571899.1,SHORT,SHORT,False,,False,SINGLE_SHORT,OK,True
MIDPIWI_2f7f9a8e822f7b98,2,WP_004290502.1 WP_009126228.1,SHORT,SHORT,False,,False,SINGLE_SHORT,OK,True
MIDPIWI_3007c553b9c09fa1,1,WP_044400168.1,LONG_B,LONG_B,False,,False,SINGLE_LONG_B,OK,True
MIDPIWI_30930db8d39168f8,1,WP_090270686.1,SHORT,SHORT,False,,False,SINGLE_SHORT,OK,True
MIDPIWI_309844c80b1c514a,1,WP_029585865.1,SHORT,SHORT,False,,False,SINGLE_SHORT,OK,True
MIDPIWI_3109dc82eacb9193,1,WP_068133589.1,SHORT,SHORT,False,,False,SINGLE_SHORT,OK,True
MIDPIWI_31d2abbd12054d81,1,WP_055429304.1,LONG_A,LONG_A,False,,False,SINGLE_LONG_A,OK,True
MIDPIWI_32357a652fb75c4e,1,WP_025200270.1,SHORT,SHORT,False,,False,SINGLE_SHORT,OK,True
MIDPIWI_3384b485854baf18,1,WP_026461319.1,LONG_B,LONG_B,False,,False,SINGLE_LONG_B,OK,True
MIDPIWI_33915330593e0fa4,1,WP_092177586.1,LONG_B,LONG_B,False,,False,SINGLE_LONG_B,OK,True
MIDPIWI_3429df8e2d482f61,1,WP_064790850.1,SHORT,SHORT,False,,False,SINGLE_SHORT,OK,True
MIDPIWI_3451ca24e001f6b1,1,WP_047468664.1,SHORT,SHORT,False,,False,SINGLE_SHORT,OK,True
MIDPIWI_3457a9cd45456ff0,1,WP_074343050.1,SHORT,SHORT,False,,False,SINGLE_SHORT,OK,True
MIDPIWI_3495114eb58db8c4,1,WP_067969883.1,SHORT,SHORT,False,,False,SINGLE_SHORT,OK,True
MIDPIWI_34a0ae60c7e49d2b,1,WP_040843044.1,SHORT,SHORT,False,,False,SINGLE_SHORT,OK,True
MIDPIWI_3551ab13d87bd357,1,WP_037165530.1,SHORT,SHORT,False,,False,SINGLE_SHORT,OK,True
MIDPIWI_35652e3dd11e7aa9,2,WP_055133795.1 WP_059333817.1,LONG_B,LONG_B,False,,False,SINGLE_LONG_B,OK,True
MIDPIWI_3591f2e29f3689c4,1,WP_067673144.1,SHORT,SHORT,False,,False,SINGLE_SHORT,OK,True
MIDPIWI_3622c89b4fefa11a,1,WP_056466663.1,LONG_B,LONG_B,False,,False,SINGLE_LONG_B,OK,True
MIDPIWI_368ea5f2ee22f6c4,1,WP_030101561.1,LONG_B,LONG_B,False,,False,SINGLE_LONG_B,OK,True
MIDPIWI_36ae0530be158186,1,WP_090997755.1,SHORT,SHORT,False,,False,SINGLE_SHORT,OK,True
MIDPIWI_377c06580350c213,1,WP_068768973.1,SHORT,SHORT,False,,False,SINGLE_SHORT,OK,True
MIDPIWI_377fbf586bee95ce,1,WP_100241429.1,LONG_B,LONG_B,False,,False,SINGLE_LONG_B,OK,True
MIDPIWI_3780b55c2578dd84,2,WP_065656394.1 WP_080826257.1,SHORT,SHORT,False,,False,SINGLE_SHORT,OK,True
MIDPIWI_37f2361f902ab979,1,WP_089320882.1,LONG_B,LONG_B,False,,False,SINGLE_LONG_B,OK,True
MIDPIWI_382bde9b47781dc0,2,WP_037994439.1 WP_049720106.1,LONG_A,LONG_A,False,,False,SINGLE_LONG_A,OK,True
MIDPIWI_385d4abf8c712e85,2,WP_081295151.1 WP_097613865.1,SHORT,SHORT,False,,False,SINGLE_SHORT,OK,True
MIDPIWI_393058759cae04b2,1,WP_062548533.1,LONG_B,LONG_B,False,,False,SINGLE_LONG_B,OK,True
MIDPIWI_397718921ba14cd9,1,WP_085933357.1,SHORT,SHORT,False,,False,SINGLE_SHORT,OK,True
MIDPIWI_399d13ca96076894,3,WP_011923976.1 WP_015664540.1 WP_028343463.1,SHORT,SHORT,False,,False,SINGLE_SHORT,OK,True
MIDPIWI_39a76af711cf6b7f,1,WP_042343949.1,LONG_B,LONG_B,False,,False,SINGLE_LONG_B,OK,True
MIDPIWI_3a044bd78201d5b3,1,WP_065061705.1,LONG_B,LONG_B,False,,False,SINGLE_LONG_B,OK,True
MIDPIWI_3a2475046377ecdf,1,WP_093307953.1,SHORT,SHORT,False,,False,SINGLE_SHORT,OK,True
MIDPIWI_3a2cd1213673b02c,1,WP_061532998.1,SHORT,SHORT,False,,False,SINGLE_SHORT,OK,True
MIDPIWI_3a62f90e8b445af4,1,WP_088892392.1,SHORT,SHORT,False,,False,SINGLE_SHORT,OK,True
MIDPIWI_3abadc0b00ab0fd6,1,WP_028363061.1,SHORT,SHORT,False,,False,SINGLE_SHORT,OK,True
MIDPIWI_3b6a64f8a6aae61e,1,WP_059000177.1,SHORT,SHORT,False,,False,SINGLE_SHORT,OK,True
MIDPIWI_3bc699c26fdd0502,1,WP_009610106.1,LONG_B,LONG_B,False,,False,SINGLE_LONG_B,OK,True
MIDPIWI_3bd4611c2d1603c1,1,WP_090164194.1,LONG_A,LONG_A,False,,False,SINGLE_LONG_A,OK,True
MIDPIWI_3c1219e67c374112,1,WP_089708808.1,LONG_A,LONG_A,False,,False,SINGLE_LONG_A,OK,True
MIDPIWI_3d03fef40b37cb4f,1,WP_019493534.1,LONG_A,LONG_A,False,,False,SINGLE_LONG_A,OK,True
MIDPIWI_3d319c8ae905a728,1,WP_082382784.1,SHORT,SHORT,False,,False,SINGLE_SHORT,OK,True
MIDPIWI_3d59ba62450579d1,1,WP_099325248.1,LONG_B,LONG_B,False,,False,SINGLE_LONG_B,OK,True
MIDPIWI_3d6ddeca66ddb414,1,WP_008691735.1,LONG_B,LONG_B,False,,False,SINGLE_LONG_B,OK,True
MIDPIWI_3d7828e6fc8b6e2b,1,WP_045054463.1,LONG_A,LONG_A,False,,False,SINGLE_LONG_A,OK,True
MIDPIWI_3d7f1c3efc957b0b,1,WP_091963793.1,SHORT,SHORT,False,,False,SINGLE_SHORT,OK,True
MIDPIWI_3dc4aa7ffe73ac30,1,WP_071678161.1,LONG_A,LONG_A,False,,False,SINGLE_LONG_A,OK,True
MIDPIWI_3df5aab46a0d0eca,2,WP_014022287.1 WP_084097100.1,LONG_B,LONG_B,False,,False,SINGLE_LONG_B,OK,True
MIDPIWI_3e63621321edf306,3,WP_038936587.1 WP_050399988.1 WP_091963850.1,SHORT,SHORT,False,,False,SINGLE_SHORT,OK,True
MIDPIWI_3e8f50c0ba6930f1,1,WP_100626894.1,LONG_B,LONG_B,False,,False,SINGLE_LONG_B,OK,True
MIDPIWI_3e9a3be24c67b90a,1,WP_089769894.1,SHORT,SHORT,False,,False,SINGLE_SHORT,OK,True
MIDPIWI_3eec40cd3a554857,1,WP_015717132.1,LONG_A,LONG_A,False,,False,SINGLE_LONG_A,OK,True
MIDPIWI_3f1e4badf5b64be0,2,WP_006019180.1 WP_074121856.1,SHORT,SHORT,False,,False,SINGLE_SHORT,OK,True
MIDPIWI_3fb2ae0db8b4dd52,1,WP_017346485.1,SHORT,SHORT,False,,False,SINGLE_SHORT,OK,True
MIDPIWI_3fb6a6bb9478347d,1,WP_052755409.1,SHORT,SHORT,False,,False,SINGLE_SHORT,OK,True
MIDPIWI_3fe7e0c0298f1bd4,1,WP_014678514.1,LONG_B,LONG_B,False,,False,SINGLE_LONG_B,OK,True
MIDPIWI_4038934d886e4fbb,1,WP_008391586.1,SHORT,SHORT,False,,False,SINGLE_SHORT,OK,True
MIDPIWI_40cf45257e222bb7,1,WP_038066338.1,LONG_A,LONG_A,False,,False,SINGLE_LONG_A,OK,True
MIDPIWI_40d15f324fe3c370,1,WP_084462763.1,SHORT,SHORT,False,,False,SINGLE_SHORT,OK,True
MIDPIWI_40ea91037396be6b,1,WP_034385873.1,LONG_A,LONG_A,False,,False,SINGLE_LONG_A,OK,True
MIDPIWI_41b77454d0cc0f0f,1,WP_028849835.1,SHORT,SHORT,False,,False,SINGLE_SHORT,OK,True
MIDPIWI_41fa0cd299c8c4b9,1,WP_079605749.1,SHORT,SHORT,False,,False,SINGLE_SHORT,OK,True
MIDPIWI_420ca9a6d3eb9d69,1,WP_066752989.1,SHORT,SHORT,False,,False,SINGLE_SHORT,OK,True
MIDPIWI_422a84dc653febc3,1,WP_014514637.1,LONG_A,LONG_A,False,,False,SINGLE_LONG_A,OK,True
MIDPIWI_427dd7b1cd2f820c,11,WP_027879788.1 WP_038507007.1 WP_054724085.1 WP_054851363.1 WP_069674097.1 WP_084176749.1 WP_088696231.1 WP_092208436.1 WP_092447190.1 WP_092468852.1 WP_092580646.1,LONG_B,LONG_B,False,,False,SINGLE_LONG_B,OK,True
MIDPIWI_4282334ed2c91133,1,WP_038562081.1,LONG_B,LONG_B,False,,False,SINGLE_LONG_B,OK,True
MIDPIWI_440ade1f18c023a9,1,WP_013581438.1,SHORT,SHORT,False,,False,SINGLE_SHORT,OK,True
MIDPIWI_445972e12d9f5127,1,WP_035658611.1,LONG_A,LONG_A,False,,False,SINGLE_LONG_A,OK,True
MIDPIWI_447ef97cbaed7360,1,WP_068394128.1,LONG_B,LONG_B,False,,False,SINGLE_LONG_B,OK,True
MIDPIWI_459d39e5409cf9e7,1,WP_052564896.1,SHORT,SHORT,False,,False,SINGLE_SHORT,OK,True
MIDPIWI_467bd33f59fb2e2d,2,WP_096732917.1 WP_102206006.1,SHORT,SHORT,False,,False,SINGLE_SHORT,OK,True
MIDPIWI_469b7f27c1b3b839,1,WP_079685318.1,SHORT,SHORT,False,,False,SINGLE_SHORT,OK,True
MIDPIWI_46fcecc2fa34919b,5,WP_004992799.1 WP_005032630.1 WP_005277191.1 WP_061516783.1 WP_101237571.1,SHORT,SHORT,False,,False,SINGLE_SHORT,OK,True
MIDPIWI_47aac67b81f778e1,1,WP_067714880.1,LONG_B,LONG_B,False,,False,SINGLE_LONG_B,OK,True
MIDPIWI_48c867ab9a54fa37,1,WP_011767947.1,SHORT,SHORT,False,,False,SINGLE_SHORT,OK,True
MIDPIWI_48ea3eaf53821b49,1,WP_004624807.1,SHORT,SHORT,False,,False,SINGLE_SHORT,OK,True
MIDPIWI_4a144b4e45121391,2,WP_022673743.1 WP_072559536.1,SHORT,SHORT,False,,False,SINGLE_SHORT,OK,True
MIDPIWI_4a43f61a07ed9c4e,1,WP_050002102.1,LONG_A,LONG_A,False,,False,SINGLE_LONG_A,OK,True
MIDPIWI_4af3ea7bdc505b55,1,WP_013078837.1,SHORT,SHORT,False,,False,SINGLE_SHORT,OK,True
MIDPIWI_4b9bc5ef27d7d83e,1,WP_053381024.1,SHORT,SHORT,False,,False,SINGLE_SHORT,OK,True
MIDPIWI_4bd8de1f12ee01a8,1,WP_062547851.1,SHORT,SHORT,False,,False,SINGLE_SHORT,OK,True
MIDPIWI_4bdb1f7d59c5ade4,1,WP_092662338.1,SHORT,SHORT,False,,False,SINGLE_SHORT,OK,True
MIDPIWI_4c0cd2b257b8383f,1,WP_057026386.1,SHORT,SHORT,False,,False,SINGLE_SHORT,OK,True
MIDPIWI_4c643a227950bbce,1,WP_010289662.1,LONG_A,LONG_A,False,,False,SINGLE_LONG_A,OK,True
MIDPIWI_4c9343115328de1c,1,WP_084326285.1,LONG_A,LONG_A,False,,False,SINGLE_LONG_A,OK,True
MIDPIWI_4d4e01a108301b9e,1,WP_062680197.1,SHORT,SHORT,False,,False,SINGLE_SHORT,OK,True
MIDPIWI_4d5891b8b2ad7728,1,WP_084602981.1,LONG_B,LONG_B,False,,False,SINGLE_LONG_B,OK,True
MIDPIWI_4d8a6c8acbb65de8,1,WP_084668949.1,LONG_A,LONG_A,False,,False,SINGLE_LONG_A,OK,True
MIDPIWI_4d9dae1364c1bbfe,1,WP_061048385.1,SHORT,SHORT,False,,False,SINGLE_SHORT,OK,True
MIDPIWI_4dce9cdd05535628,1,WP_013561109.1,LONG_A,LONG_A,False,,False,SINGLE_LONG_A,OK,True
MIDPIWI_4dd00ccfddadcc4d,1,WP_050475206.1,SHORT,SHORT,False,,False,SINGLE_SHORT,OK,True
MIDPIWI_4e6a4abd75ed3993,1,WP_092684838.1,SHORT,SHORT,False,,False,SINGLE_SHORT,OK,True
MIDPIWI_4ebd7931225af5d2,3,WP_011914275.1 WP_076815490.1 WP_102073886.1,SHORT,SHORT,False,,False,SINGLE_SHORT,OK,True
MIDPIWI_4edcb51f007d5c8c,1,WP_073409929.1,SHORT,SHORT,False,,False,SINGLE_SHORT,OK,True
MIDPIWI_4f15d81e2dca1fe7,1,WP_048090858.1,SHORT,SHORT,False,,False,SINGLE_SHORT,OK,True
MIDPIWI_4f319225148da75b,1,WP_052698403.1,LONG_A,LONG_A,False,,False,SINGLE_LONG_A,OK,True
MIDPIWI_4f335d64effcb73c,1,WP_083829967.1,LONG_A,LONG_A,False,,False,SINGLE_LONG_A,OK,True
MIDPIWI_4f342aa99a10ee38,1,WP_094382636.1,LONG_A,LONG_A,False,,False,SINGLE_LONG_A,OK,True
MIDPIWI_5054d7c38dd2b869,2,WP_009128903.1 WP_044264717.1,LONG_B,LONG_B,False,,False,SINGLE_LONG_B,OK,True
MIDPIWI_50e2d47ae8e66012,2,WP_009184284.1 WP_073099829.1,LONG_B,LONG_B,False,,False,SINGLE_LONG_B,OK,True
MIDPIWI_510a9513470d5a6b,1,WP_093153062.1,SHORT,SHORT,False,,False,SINGLE_SHORT,OK,True
MIDPIWI_51749c8bef1e8558,1,WP_071980016.1,SHORT,SHORT,False,,False,SINGLE_SHORT,OK,True
MIDPIWI_51897e4c0e9dc5c9,1,WP_056240734.1,SHORT,SHORT,False,,False,SINGLE_SHORT,OK,True
MIDPIWI_5190f7c2ab15a406,23,WP_006580534.1 WP_009518867.1 WP_024146569.1 WP_024889333.1 WP_031431988.1 WP_031656931.1 WP_033851601.1 WP_035619941.1 WP_045124563.1 WP_045765666.1 WP_046101283.1 WP_047361658.1 WP_049724747.1 WP_050117363.1 WP_058870690.1 WP_060422788.1 WP_060527926.1 WP_062480250.1 WP_063415881.1 WP_086904404.1 WP_087527547.1 WP_088912163.1 WP_092569305.1,LONG_B,LONG_B,False,,False,SINGLE_LONG_B,OK,True
MIDPIWI_5202bed9ebf4d717,2,WP_091979398.1 WP_092996166.1,SHORT,SHORT,False,,False,SINGLE_SHORT,OK,True
MIDPIWI_521e0627b2bc1a6b,1,WP_094530881.1,SHORT,SHORT,False,,False,SINGLE_SHORT,OK,True
MIDPIWI_523aa06074ab9624,1,WP_009826338.1,SHORT,SHORT,False,,False,SINGLE_SHORT,OK,True
MIDPIWI_525babc9bb5ef304,1,WP_063002580.1,SHORT,SHORT,False,,False,SINGLE_SHORT,OK,True
MIDPIWI_528dd1723001dd7b,1,WP_042619123.1,SHORT,SHORT,False,,False,SINGLE_SHORT,OK,True
MIDPIWI_5338b482dc017e17,1,WP_083930349.1,LONG_B,LONG_B,False,,False,SINGLE_LONG_B,OK,True
MIDPIWI_537a87680612fe52,1,WP_069438049.1,SHORT,SHORT,False,,False,SINGLE_SHORT,OK,True
MIDPIWI_53a3bd681bba1b98,1,WP_073288094.1,LONG_B,LONG_B,False,,False,SINGLE_LONG_B,OK,True
MIDPIWI_54d1909993056242,1,WP_096462201.1,SHORT,SHORT,False,,False,SINGLE_SHORT,OK,True
MIDPIWI_5501a24bf4806936,1,WP_058751935.1,SHORT,SHORT,False,,False,SINGLE_SHORT,OK,True
MIDPIWI_552e61051f9847ef,1,WP_099799291.1,LONG_A,LONG_A,False,,False,SINGLE_LONG_A,OK,True
MIDPIWI_560b16d0c14ec302,1,WP_076626087.1,LONG_A,LONG_A,False,,False,SINGLE_LONG_A,OK,True
MIDPIWI_564ad83a99903a4b,1,WP_015596990.1,SHORT,SHORT,False,,False,SINGLE_SHORT,OK,True
MIDPIWI_56a0eaa58582d1f0,2,WP_051458318.1 WP_051761427.1,SHORT,SHORT,False,,False,SINGLE_SHORT,OK,True
MIDPIWI_5704125039cbcdf0,1,WP_015159126.1,LONG_A,LONG_A,False,,False,SINGLE_LONG_A,OK,True
MIDPIWI_5774706f945c1b1a,1,WP_012572468.1,LONG_A,LONG_A,False,,False,SINGLE_LONG_A,OK,True
MIDPIWI_57d7ec7d0e6b36e8,2,WP_061437684.1 WP_101603479.1,SHORT,SHORT,False,,False,SINGLE_SHORT,OK,True
MIDPIWI_5854aae093c15443,1,WP_044394679.1,SHORT,SHORT,False,,False,SINGLE_SHORT,OK,True
MIDPIWI_58956620f6c1e457,1,WP_026190901.1,SHORT,SHORT,False,,False,SINGLE_SHORT,OK,True
MIDPIWI_58c58931d1314be6,1,WP_049912037.1,LONG_A,LONG_A,False,,False,SINGLE_LONG_A,OK,True
MIDPIWI_59187778eb45c15a,1,WP_052696789.1,SHORT,SHORT,False,,False,SINGLE_SHORT,OK,True
MIDPIWI_591c5daee63e0e58,1,WP_016846609.1,SHORT,SHORT,False,,False,SINGLE_SHORT,OK,True
MIDPIWI_5986a1090783c145,1,WP_056152151.1,SHORT,SHORT,False,,False,SINGLE_SHORT,OK,True
MIDPIWI_5a16da5ffa401d92,1,WP_062303332.1,LONG_A,LONG_A,False,,False,SINGLE_LONG_A,OK,True
MIDPIWI_5aac3eaa8bfbef61,3,WP_023924954.1 WP_036855842.1 WP_070666724.1,SHORT,SHORT,False,,False,SINGLE_SHORT,OK,True
MIDPIWI_5ac8dac88686e0d7,1,WP_056452252.1,SHORT,SHORT,False,,False,SINGLE_SHORT,OK,True
MIDPIWI_5ae83ae5d414c7ba,1,WP_015449155.1,SHORT,SHORT,False,,False,SINGLE_SHORT,OK,True
MIDPIWI_5b099aafe5d61fb8,1,WP_016205751.1,LONG_A,LONG_A,False,,False,SINGLE_LONG_A,OK,True
MIDPIWI_5bb5da5abdc9590b,1,WP_030007227.1,LONG_A,LONG_A,False,,False,SINGLE_LONG_A,OK,True
MIDPIWI_5d2c6e1047736d94,1,WP_015195532.1,LONG_A,LONG_A,False,,False,SINGLE_LONG_A,OK,True
MIDPIWI_5d96662524790b14,1,WP_078814669.1,SHORT,SHORT,False,,False,SINGLE_SHORT,OK,True
MIDPIWI_5dc06f89f5dc993b,1,WP_061307001.1,LONG_A,LONG_A,False,,False,SINGLE_LONG_A,OK,True
MIDPIWI_5e3486b4236082ee,1,WP_012486311.1,SHORT,SHORT,False,,False,SINGLE_SHORT,OK,True
MIDPIWI_5ed166cad7bb6cd9,2,WP_026782277.1 WP_042061209.1,SHORT,SHORT,False,,False,SINGLE_SHORT,OK,True
MIDPIWI_5efb57af2187cbf4,1,WP_079731543.1,SHORT,SHORT,False,,False,SINGLE_SHORT,OK,True
MIDPIWI_5f332bd2e619c882,1,WP_064683282.1,SHORT,SHORT,False,,False,SINGLE_SHORT,OK,True
MIDPIWI_5fecd0000ece654f,1,WP_066219549.1,LONG_B,LONG_B,False,,False,SINGLE_LONG_B,OK,True
MIDPIWI_5fff8df96dc4bae1,2,WP_026108493.1 WP_055808193.1,SHORT,SHORT,False,,False,SINGLE_SHORT,OK,True
MIDPIWI_603c479fea8b23fb,4,WP_004328663.1 WP_083871010.1 WP_099290241.1 WP_100788469.1,SHORT,SHORT,False,,False,SINGLE_SHORT,OK,True
MIDPIWI_6059c63417b186db,1,WP_066624034.1,SHORT,SHORT,False,,False,SINGLE_SHORT,OK,True
MIDPIWI_60745a3654ed88f2,1,WP_031556059.1,SHORT,SHORT,False,,False,SINGLE_SHORT,OK,True
MIDPIWI_60ea53da95a982b9,1,WP_012660077.1,SHORT,SHORT,False,,False,SINGLE_SHORT,OK,True
MIDPIWI_61cd1371a88d7e5c,2,WP_062436241.1 WP_065715042.1,LONG_A,LONG_A,False,,False,SINGLE_LONG_A,OK,True
MIDPIWI_622fa5c13b531105,1,WP_091870084.1,LONG_A,LONG_A,False,,False,SINGLE_LONG_A,OK,True
MIDPIWI_623815c1b8e2657f,1,WP_086549030.1,LONG_B,LONG_B,False,,False,SINGLE_LONG_B,OK,True
MIDPIWI_6252b1efa1b07a1f,5,WP_027443719.1 WP_054725864.1 WP_066514271.1 WP_072598063.1 WP_088712621.1,SHORT,SHORT,False,,False,SINGLE_SHORT,OK,True
MIDPIWI_62bda6f582a9516c,1,WP_044518241.1,LONG_B,LONG_B,False,,False,SINGLE_LONG_B,OK,True
MIDPIWI_6346993704d93107,1,WP_034728376.1,SHORT,SHORT,False,,False,SINGLE_SHORT,OK,True
MIDPIWI_6353cc1cee26b953,1,WP_093039140.1,SHORT,SHORT,False,,False,SINGLE_SHORT,OK,True
MIDPIWI_640602d684686aa0,2,WP_062769735.1 WP_100239904.1,SHORT,SHORT,False,,False,SINGLE_SHORT,OK,True
MIDPIWI_643fb52f2620b7c7,1,WP_057482736.1,SHORT,SHORT,False,,False,SINGLE_SHORT,OK,True
MIDPIWI_6444dd7421260147,1,WP_012222259.1,SHORT,SHORT,False,,False,SINGLE_SHORT,OK,True
MIDPIWI_645ab43e22e7e138,1,WP_075054206.1,LONG_B,LONG_B,False,,False,SINGLE_LONG_B,OK,True
MIDPIWI_6470659e2b2a6099,1,WP_022787370.1,SHORT,SHORT,False,,False,SINGLE_SHORT,OK,True
MIDPIWI_649bb6c3f2eb505b,1,WP_080523304.1,SHORT,SHORT,False,,False,SINGLE_SHORT,OK,True
MIDPIWI_65a5e9c182ab390d,2,WP_079083882.1 WP_099966378.1,LONG_B,LONG_B,False,,False,SINGLE_LONG_B,OK,True
MIDPIWI_6601d2f9039aec19,1,WP_089318527.1,SHORT,SHORT,False,,False,SINGLE_SHORT,OK,True
MIDPIWI_6603f4e070af26fa,1,WP_015898277.1,LONG_B,LONG_B,False,,False,SINGLE_LONG_B,OK,True
MIDPIWI_665fc65b6a6624bf,1,WP_068818384.1,SHORT,SHORT,False,,False,SINGLE_SHORT,OK,True
MIDPIWI_6671a8089d7b8d1c,1,WP_085936214.1,SHORT,SHORT,False,,False,SINGLE_SHORT,OK,True
MIDPIWI_67276f2cf351e658,1,WP_036488545.1,LONG_A,LONG_A,False,,False,SINGLE_LONG_A,OK,True
MIDPIWI_6797810d355566b9,3,WP_002993156.1 WP_054407042.1 WP_099372365.1,SHORT,SHORT,False,,False,SINGLE_SHORT,OK,True
MIDPIWI_67c179707788d6a9,1,WP_099084822.1,SHORT,SHORT,False,,False,SINGLE_SHORT,OK,True
MIDPIWI_6878dcba318a1aad,1,WP_025660140.1,LONG_B,LONG_B,False,,False,SINGLE_LONG_B,OK,True
MIDPIWI_68a1134bf41a4077,1,WP_093163280.1,SHORT,SHORT,False,,False,SINGLE_SHORT,OK,True
MIDPIWI_68d7a16dec50b7e1,1,WP_071455425.1,LONG_A,LONG_A,False,,False,SINGLE_LONG_A,OK,True
MIDPIWI_69476944a744ba0d,2,WP_062618762.1 WP_072349419.1,LONG_B,LONG_B,False,,False,SINGLE_LONG_B,OK,True
MIDPIWI_69c1aca71542e739,2,WP_036250713.1 WP_036294986.1,LONG_A,LONG_A,False,,False,SINGLE_LONG_A,OK,True
MIDPIWI_69dc7bfe7e87ba94,1,WP_041514531.1,SHORT,SHORT,False,,False,SINGLE_SHORT,OK,True
MIDPIWI_6a14d48ece6e6745,1,WP_078792595.1,SHORT,SHORT,False,,False,SINGLE_SHORT,OK,True
MIDPIWI_6a217a83ffa8c0a2,1,WP_077067832.1,LONG_A,LONG_A,False,,False,SINGLE_LONG_A,OK,True
MIDPIWI_6ab5e631c275c49f,1,WP_054163257.1,LONG_B,LONG_B,False,,False,SINGLE_LONG_B,OK,True
MIDPIWI_6ad1bf875c6944c9,2,WP_053299209.1 WP_064801520.1,SHORT,SHORT,False,,False,SINGLE_SHORT,OK,True
MIDPIWI_6b2ea028f6f45820,1,WP_042087937.1,SHORT,SHORT,False,,False,SINGLE_SHORT,OK,True
MIDPIWI_6b37ab234db9db8d,1,WP_085354659.1,SHORT,SHORT,False,,False,SINGLE_SHORT,OK,True
MIDPIWI_6b5028aff42eecf6,1,WP_007412615.1,SHORT,SHORT,False,,False,SINGLE_SHORT,OK,True
MIDPIWI_6b887d23967e0eac,1,WP_091516915.1,SHORT,SHORT,False,,False,SINGLE_SHORT,OK,True
MIDPIWI_6bdd95e059c8a853,1,WP_010870838.1,LONG_A,LONG_A,False,,False,SINGLE_LONG_A,OK,True
MIDPIWI_6c8916d1edf8e6c4,2,WP_023749875.1 WP_023828907.1,SHORT,SHORT,False,,False,SINGLE_SHORT,OK,True
MIDPIWI_6ca2f80deae677c2,1,WP_063059159.1,LONG_B,LONG_B,False,,False,SINGLE_LONG_B,OK,True
MIDPIWI_6d0b1ed5485111b0,3,WP_007013852.1 WP_082819762.1 WP_095387428.1,SHORT,SHORT,False,,False,SINGLE_SHORT,OK,True
MIDPIWI_6dad7f087375b4e1,1,WP_066664216.1,SHORT,SHORT,False,,False,SINGLE_SHORT,OK,True
MIDPIWI_6e1820f2c37c7771,1,WP_090979254.1,LONG_B,LONG_B,False,,False,SINGLE_LONG_B,OK,True
MIDPIWI_6e2471e80d33de28,1,WP_013300248.1,SHORT,SHORT,False,,False,SINGLE_SHORT,OK,True
MIDPIWI_6e31764575aa3d77,1,WP_028057924.1,SHORT,SHORT,False,,False,SINGLE_SHORT,OK,True
MIDPIWI_6ea06b5d4a49227b,1,WP_096683444.1,SHORT,SHORT,False,,False,SINGLE_SHORT,OK,True
MIDPIWI_6ef183bd794f8c06,2,WP_013637055.1 WP_095447451.1,SHORT,SHORT,False,,False,SINGLE_SHORT,OK,True
MIDPIWI_6f1393fbf2c2746c,1,WP_054211399.1,SHORT,SHORT,False,,False,SINGLE_SHORT,OK,True
MIDPIWI_702bc727f3673e67,3,WP_045126888.1 WP_064102502.1 WP_099746951.1,SHORT,SHORT,False,,False,SINGLE_SHORT,OK,True
MIDPIWI_7055e2ff1ec30081,1,WP_032939873.1,SHORT,SHORT,False,,False,SINGLE_SHORT,OK,True
MIDPIWI_708060c79824f874,1,WP_015213401.1,LONG_A,LONG_A,False,,False,SINGLE_LONG_A,OK,True
MIDPIWI_7135b7021d05d9a4,1,WP_029134084.1,SHORT,SHORT,False,,False,SINGLE_SHORT,OK,True
MIDPIWI_714303bdcef54a4a,1,WP_096391836.1,SHORT,SHORT,False,,False,SINGLE_SHORT,OK,True
MIDPIWI_71506bfe7deef259,1,WP_090072729.1,SHORT,SHORT,False,,False,SINGLE_SHORT,OK,True
MIDPIWI_721cdd3913e1a55d,1,WP_074487308.1,SHORT,SHORT,False,,False,SINGLE_SHORT,OK,True
MIDPIWI_725a2d945ee5ecdb,1,WP_051050569.1,SHORT,SHORT,False,,False,SINGLE_SHORT,OK,True
MIDPIWI_72cbd79254aff00b,1,WP_065998850.1,SHORT,SHORT,False,,False,SINGLE_SHORT,OK,True
MIDPIWI_732eb3deb86d3cc8,1,WP_092910137.1,SHORT,SHORT,False,,False,SINGLE_SHORT,OK,True
MIDPIWI_73ad3bcaefd2f770,1,WP_043351599.1,SHORT,SHORT,False,,False,SINGLE_SHORT,OK,True
MIDPIWI_73fa1955a33bf315,1,WP_012473796.1,SHORT,SHORT,False,,False,SINGLE_SHORT,OK,True
MIDPIWI_74080913622e8e13,1,WP_098075782.1,LONG_B,LONG_B,False,,False,SINGLE_LONG_B,OK,True
MIDPIWI_744578de4eaec6dc,1,WP_100483095.1,SHORT,SHORT,False,,False,SINGLE_SHORT,OK,True
MIDPIWI_745d60f2beb62f23,1,WP_085474560.1,SHORT,SHORT,False,,False,SINGLE_SHORT,OK,True
MIDPIWI_746ab0673b366349,1,WP_015150617.1,LONG_A,LONG_A,False,,False,SINGLE_LONG_A,OK,True
MIDPIWI_74f1a34273fe175b,1,WP_026705043.1,LONG_B,LONG_B,False,,False,SINGLE_LONG_B,OK,True
MIDPIWI_7505253eed46154d,1,WP_026329128.1,LONG_A,LONG_A,False,,False,SINGLE_LONG_A,OK,True
MIDPIWI_752f068ab8d3b903,1,WP_101944481.1,SHORT,SHORT,False,,False,SINGLE_SHORT,OK,True
MIDPIWI_754ddd7eab51cd1f,1,WP_027853031.1,SHORT,SHORT,False,,False,SINGLE_SHORT,OK,True
MIDPIWI_75ca729aa543e200,2,WP_013300197.1 WP_034826052.1,LONG_B,LONG_B,False,,False,SINGLE_LONG_B,OK,True
MIDPIWI_75cb2607e0318bf2,1,WP_041864519.1,SHORT,SHORT,False,,False,SINGLE_SHORT,OK,True
MIDPIWI_75d11d12411a098c,1,WP_094264667.1,LONG_A,LONG_A,False,,False,SINGLE_LONG_A,OK,True
MIDPIWI_76202a0c74eda382,2,WP_049982463.1 WP_097007364.1,LONG_A,LONG_A,False,,False,SINGLE_LONG_A,OK,True
MIDPIWI_7644c853c08c59d3,1,WP_044549173.1,SHORT,SHORT,False,,False,SINGLE_SHORT,OK,True
MIDPIWI_76d4e0ea503bb852,1,WP_007044032.1,LONG_A,LONG_A,False,,False,SINGLE_LONG_A,OK,True
MIDPIWI_774952a8cfa87633,1,WP_082839051.1,LONG_A,LONG_A,False,,False,SINGLE_LONG_A,OK,True
MIDPIWI_77504aa215f75e46,1,WP_090828644.1,SHORT,SHORT,False,,False,SINGLE_SHORT,OK,True
MIDPIWI_77998d35a8cdda53,1,WP_028894342.1,SHORT,SHORT,False,,False,SINGLE_SHORT,OK,True
MIDPIWI_78292413d8d9eeda,1,WP_100402176.1,LONG_A,LONG_A,False,,False,SINGLE_LONG_A,OK,True
MIDPIWI_78b5ff0f2fa15ef5,2,WP_056025367.1 WP_058745239.1,SHORT,SHORT,False,,False,SINGLE_SHORT,OK,True
MIDPIWI_78d33713b1a920b2,3,WP_005801097.1 WP_051642935.1 WP_057280934.1,SHORT,SHORT,False,,False,SINGLE_SHORT,OK,True
MIDPIWI_7913b6b5505e5b16,1,WP_062341845.1,SHORT,SHORT,False,,False,SINGLE_SHORT,OK,True
MIDPIWI_79fc385024d783e0,1,WP_028306819.1,LONG_B,LONG_B,False,,False,SINGLE_LONG_B,OK,True
MIDPIWI_7bdbad165ec29492,2,WP_009486613.1 WP_012659190.1,LONG_A,LONG_A,False,,False,SINGLE_LONG_A,OK,True
MIDPIWI_7ca8f8ac8a6f0b2c,3,WP_027160976.1 WP_047564308.1 WP_067325603.1,SHORT,SHORT,False,,False,SINGLE_SHORT,OK,True
MIDPIWI_7cbc50443d979804,2,WP_027412346.1 WP_072766083.1,SHORT,SHORT,False,,False,SINGLE_SHORT,OK,True
MIDPIWI_7d18ce0cafd9f4e3,1,WP_058998822.1,LONG_A,LONG_A,False,,False,SINGLE_LONG_A,OK,True
MIDPIWI_7d460934c20d682e,1,WP_100228132.1,SHORT,SHORT,False,,False,SINGLE_SHORT,OK,True
MIDPIWI_7e06ebfb8b50fda4,1,WP_084238347.1,SHORT,SHORT,False,,False,SINGLE_SHORT,OK,True
MIDPIWI_7e914b8eadcfc50b,1,WP_055075777.1,LONG_A,LONG_A,False,,False,SINGLE_LONG_A,OK,True
MIDPIWI_7f1c8c74a3d22083,1,WP_069211835.1,SHORT,SHORT,False,,False,SINGLE_SHORT,OK,True
MIDPIWI_7f73b5d4e26e131b,1,WP_091823002.1,LONG_A,LONG_A,False,,False,SINGLE_LONG_A,OK,True
MIDPIWI_7f9fbfe6fa686a4b,1,WP_100217698.1,LONG_A,LONG_A,False,,False,SINGLE_LONG_A,OK,True
MIDPIWI_7feec70ffe64da27,1,WP_093007728.1,LONG_A,LONG_A,False,,False,SINGLE_LONG_A,OK,True
MIDPIWI_808317a81961cb60,1,WP_045834967.1,LONG_B,LONG_B,False,,False,SINGLE_LONG_B,OK,True
MIDPIWI_80b265367ad285c1,1,WP_022842740.1,SHORT,SHORT,False,,False,SINGLE_SHORT,OK,True
MIDPIWI_814a76c4861dd39b,2,WP_008504757.1 WP_074487304.1,LONG_A,LONG_A,False,,False,SINGLE_LONG_A,OK,True
MIDPIWI_81573ecfda416761,1,WP_022545095.1,SHORT,SHORT,False,,False,SINGLE_SHORT,OK,True
MIDPIWI_825d491f4e8594a7,1,WP_055276084.1,LONG_A,LONG_A,False,,False,SINGLE_LONG_A,OK,True
MIDPIWI_82b08cff421af525,1,WP_083842423.1,SHORT,SHORT,False,,False,SINGLE_SHORT,OK,True
MIDPIWI_82d9a93b3b49fcb0,2,WP_011244830.1 WP_011378069.1,LONG_A,LONG_A,False,,False,SINGLE_LONG_A,OK,True
MIDPIWI_82fae1a13db47cd6,2,WP_086833853.1 WP_096581191.1,LONG_A,LONG_A,False,,False,SINGLE_LONG_A,OK,True
MIDPIWI_850252f2bd7e958a,2,WP_061247661.1 WP_061254329.1,LONG_B,LONG_B,False,,False,SINGLE_LONG_B,OK,True
MIDPIWI_853a45118a1ccaa7,1,WP_084316793.1,LONG_B,LONG_B,False,,False,SINGLE_LONG_B,OK,True
MIDPIWI_853afa4b115bfdc0,1,WP_082905585.1,LONG_B,LONG_B,False,,False,SINGLE_LONG_B,OK,True
MIDPIWI_8591ee5184712cbe,1,WP_040282634.1,LONG_B,LONG_B,False,,False,SINGLE_LONG_B,OK,True
MIDPIWI_85ca90befcc02057,1,WP_073035635.1,SHORT,SHORT,False,,False,SINGLE_SHORT,OK,True
MIDPIWI_85e49c74f37c567e,1,WP_052287949.1,LONG_A,LONG_A,False,,False,SINGLE_LONG_A,OK,True
MIDPIWI_861fa912d4e302c4,1,WP_064835081.1,SHORT,SHORT,False,,False,SINGLE_SHORT,OK,True
MIDPIWI_8655e74f6a2f3186,1,WP_076523956.1,LONG_A,LONG_A,False,,False,SINGLE_LONG_A,OK,True
MIDPIWI_87b53b5863d598b6,1,WP_011238781.1,LONG_A,LONG_A,False,,False,SINGLE_LONG_A,OK,True
MIDPIWI_8815a1c1cc6adc11,1,WP_011011654.1,LONG_A,LONG_A,False,,False,SINGLE_LONG_A,OK,True
MIDPIWI_8957bd1e2b14e084,1,WP_009507643.1,SHORT,SHORT,False,,False,SINGLE_SHORT,OK,True
MIDPIWI_896a60d3c78d5e99,1,WP_045057111.1,SHORT,SHORT,False,,False,SINGLE_SHORT,OK,True
MIDPIWI_8a356baafb176bca,1,WP_013324485.1,LONG_A,LONG_A,False,,False,SINGLE_LONG_A,OK,True
MIDPIWI_8ae4db7575fe9f9c,1,WP_100787857.1,LONG_A,LONG_A,False,,False,SINGLE_LONG_A,OK,True
MIDPIWI_8bab77dddbd5f0f2,1,WP_077292091.1,SHORT,SHORT,False,,False,SINGLE_SHORT,OK,True
MIDPIWI_8bd5dfb83e2f7f2c,1,WP_090634261.1,LONG_B,LONG_B,False,,False,SINGLE_LONG_B,OK,True
MIDPIWI_8bdc9f4293aa9d9e,1,WP_019977020.1,SHORT,SHORT,False,,False,SINGLE_SHORT,OK,True
MIDPIWI_8c30c1b681a0f928,1,WP_091471580.1,SHORT,SHORT,False,,False,SINGLE_SHORT,OK,True
MIDPIWI_8cd71f8bb8b3007d,1,WP_072761037.1,LONG_A,LONG_A,False,,False,SINGLE_LONG_A,OK,True
MIDPIWI_8cdc2a687ab38e68,1,WP_081147617.1,SHORT,SHORT,False,,False,SINGLE_SHORT,OK,True
MIDPIWI_8d25372a986457d2,1,WP_075061402.1,SHORT,SHORT,False,,False,SINGLE_SHORT,OK,True
MIDPIWI_8ee4961bcdb51ccf,1,WP_069293923.1,LONG_A,LONG_A,False,,False,SINGLE_LONG_A,OK,True
MIDPIWI_8f275c1301f730d1,1,WP_098063474.1,SHORT,SHORT,False,,False,SINGLE_SHORT,OK,True
MIDPIWI_8f2faa7ea80870fd,1,WP_011951052.1,SHORT,SHORT,False,,False,SINGLE_SHORT,OK,True
MIDPIWI_8f62696f35d47c47,5,WP_008631444.1 WP_014511275.1 WP_038030409.1 WP_039457454.1 YP_145307.1,LONG_A,LONG_A,False,,False,SINGLE_LONG_A,OK,True
MIDPIWI_8fa8115bc324468c,5,WP_016263567.1 WP_016393046.1 WP_021700080.1 WP_042571951.1 WP_096078421.1,SHORT,SHORT,False,,False,SINGLE_SHORT,OK,True
MIDPIWI_91e8363d7e1d0391,1,WP_006183335.1,LONG_A,LONG_A,False,,False,SINGLE_LONG_A,OK,True
MIDPIWI_91ead9830ee7377b,1,WP_024740054.1,SHORT,SHORT,False,,False,SINGLE_SHORT,OK,True
MIDPIWI_9217584098e4d7ce,2,WP_005580376.1 WP_097378604.1,LONG_A,LONG_A,False,,False,SINGLE_LONG_A,OK,True
MIDPIWI_922ba4857e7873f7,3,WP_036243660.1 WP_093026608.1 WP_099215415.1,LONG_B,LONG_B,False,,False,SINGLE_LONG_B,OK,True
MIDPIWI_9241802d1857a747,1,WP_093920437.1,LONG_B,LONG_B,False,,False,SINGLE_LONG_B,OK,True
MIDPIWI_9276862dcc2c5ea8,2,WP_016733898.1 WP_082934345.1,SHORT,SHORT,False,,False,SINGLE_SHORT,OK,True
MIDPIWI_929b1b838cb8047f,4,WP_037474223.1 WP_037510712.1 WP_039394112.1 WP_058453976.1,SHORT,SHORT,False,,False,SINGLE_SHORT,OK,True
MIDPIWI_92e142231df80aa7,1,WP_035210974.1,SHORT,SHORT,False,,False,SINGLE_SHORT,OK,True
MIDPIWI_93216f4669e5e3c4,1,WP_048755579.1,SHORT,SHORT,False,,False,SINGLE_SHORT,OK,True
MIDPIWI_93c59c2c6d6b54e2,1,WP_099463422.1,SHORT,SHORT,False,,False,SINGLE_SHORT,OK,True
MIDPIWI_93f194e078f8c65d,1,WP_091970176.1,LONG_B,LONG_B,False,,False,SINGLE_LONG_B,OK,True
MIDPIWI_94ae32d1bcd8ad51,1,WP_023755374.1,SHORT,SHORT,False,,False,SINGLE_SHORT,OK,True
MIDPIWI_94f16e9e849e1d72,1,WP_029005632.1,SHORT,SHORT,False,,False,SINGLE_SHORT,OK,True
MIDPIWI_94f1d06e4196f1a6,1,WP_051044347.1,LONG_A,LONG_A,False,,False,SINGLE_LONG_A,OK,True
MIDPIWI_95a239b342e83cad,2,WP_047265940.1 WP_072865986.1,LONG_A,LONG_A,False,,False,SINGLE_LONG_A,OK,True
MIDPIWI_95f9c25e53cd83bc,3,WP_013596008.1 WP_038205792.1 WP_063460619.1,SHORT,SHORT,False,,False,SINGLE_SHORT,OK,True
MIDPIWI_96327c46c5f8e03a,1,WP_075892274.1,LONG_A,LONG_A,False,,False,SINGLE_LONG_A,OK,True
MIDPIWI_9760d53656a86ba1,1,WP_013685229.1,SHORT,SHORT,False,,False,SINGLE_SHORT,OK,True
MIDPIWI_97b96be059af09d5,1,WP_091097633.1,SHORT,SHORT,False,,False,SINGLE_SHORT,OK,True
MIDPIWI_97e3a61ea941c3d3,1,WP_085809852.1,SHORT,SHORT,False,,False,SINGLE_SHORT,OK,True
MIDPIWI_98dca90a571e6d2f,2,WP_008877327.1 WP_074270847.1,SHORT,SHORT,False,,False,SINGLE_SHORT,OK,True
MIDPIWI_9a1327105ad7d852,1,WP_071970086.1,SHORT,SHORT,False,,False,SINGLE_SHORT,OK,True
MIDPIWI_9a37def19f3dcaab,1,WP_008657175.1,SHORT,SHORT,False,,False,SINGLE_SHORT,OK,True
MIDPIWI_9a45146c405a48cd,1,WP_011308723.1,LONG_A,LONG_A,False,,False,SINGLE_LONG_A,OK,True
MIDPIWI_9a539f4db3dcbee0,1,WP_068463428.1,SHORT,SHORT,False,,False,SINGLE_SHORT,OK,True
MIDPIWI_9a8523911e3d2b6f,1,WP_004492459.1,LONG_B,LONG_B,False,,False,SINGLE_LONG_B,OK,True
MIDPIWI_9af05f6a01edc5f5,1,WP_090603244.1,SHORT,SHORT,False,,False,SINGLE_SHORT,OK,True
MIDPIWI_9b9fd5a977f395d6,8,WP_028359221.1 WP_030102812.1 WP_059598007.1 WP_059875185.1 WP_060074291.1 WP_071068901.1 WP_080466871.1 WP_090548054.1,SHORT,SHORT,False,,False,SINGLE_SHORT,OK,True
MIDPIWI_9bbaccbc154c2cc8,2,WP_014132756.1 WP_014746186.1,SHORT,SHORT,False,,False,SINGLE_SHORT,OK,True
MIDPIWI_9bfea3b1d30b53e6,1,WP_079235170.1,LONG_A,LONG_A,False,,False,SINGLE_LONG_A,OK,True
MIDPIWI_9c57692bfd4753c5,1,WP_049923881.1,LONG_A,LONG_A,False,,False,SINGLE_LONG_A,OK,True
MIDPIWI_9c5e3d0c8d795661,1,WP_092694377.1,SHORT,SHORT,False,,False,SINGLE_SHORT,OK,True
MIDPIWI_9d51fa871e35a81f,1,WP_099412865.1,LONG_A,LONG_A,False,,False,SINGLE_LONG_A,OK,True
MIDPIWI_9d5baed890cba795,1,WP_006630972.1,LONG_A,LONG_A,False,,False,SINGLE_LONG_A,OK,True
MIDPIWI_9d72d4def293655a,1,WP_002645493.1,SHORT,SHORT,False,,False,SINGLE_SHORT,OK,True
MIDPIWI_9da9af5577491ef3,1,WP_051880056.1,SHORT,SHORT,False,,False,SINGLE_SHORT,OK,True
MIDPIWI_9eac76e62fc89675,2,WP_052067485.1 WP_093590748.1,SHORT,SHORT,False,,False,SINGLE_SHORT,OK,True
MIDPIWI_9ed087bc86431b79,1,WP_062486948.1,SHORT,SHORT,False,,False,SINGLE_SHORT,OK,True
MIDPIWI_9f17f74089a9e7e0,1,WP_023727137.1,SHORT,SHORT,False,,False,SINGLE_SHORT,OK,True
MIDPIWI_9f96f56deadb2801,1,WP_083783314.1,SHORT,SHORT,False,,False,SINGLE_SHORT,OK,True
MIDPIWI_9faa5be1ea880d10,1,WP_041932423.1,LONG_B,LONG_B,False,,False,SINGLE_LONG_B,OK,True
MIDPIWI_9fd61af29e4a0b43,1,WP_005988487.1,SHORT,SHORT,False,,False,SINGLE_SHORT,OK,True
MIDPIWI_a0a590d0d09485cc,1,WP_056934506.1,LONG_A,LONG_A,False,,False,SINGLE_LONG_A,OK,True
MIDPIWI_a0b79323e5d23f00,1,WP_053326747.1,SHORT,SHORT,False,,False,SINGLE_SHORT,OK,True
MIDPIWI_a13be9339e212703,1,WP_030443103.1,LONG_B,LONG_B,False,,False,SINGLE_LONG_B,OK,True
MIDPIWI_a1b0cd7e2372432b,1,WP_015329024.1,LONG_A,LONG_A,False,,False,SINGLE_LONG_A,OK,True
MIDPIWI_a2f6ce925c931353,1,WP_073067334.1,SHORT,SHORT,False,,False,SINGLE_SHORT,OK,True
MIDPIWI_a330d10b510c8b7a,3,WP_042211195.1 WP_074100515.1 WP_076305724.1,LONG_A,LONG_A,False,,False,SINGLE_LONG_A,OK,True
MIDPIWI_a349d4f4227e4606,1,WP_071507487.1,SHORT,SHORT,False,,False,SINGLE_SHORT,OK,True
MIDPIWI_a3b9d87e2897e5d0,1,WP_008137931.1,SHORT,SHORT,False,,False,SINGLE_SHORT,OK,True
MIDPIWI_a3cd6b2255ec056b,1,WP_092459742.1,SHORT,SHORT,False,,False,SINGLE_SHORT,OK,True
MIDPIWI_a462acdd1d5560da,1,WP_017496420.1,LONG_B,LONG_B,False,,False,SINGLE_LONG_B,OK,True
MIDPIWI_a55d52f1cba720d3,1,WP_056034460.1,SHORT,SHORT,False,,False,SINGLE_SHORT,OK,True
MIDPIWI_a6379d4f81ecf981,1,WP_099503353.1,SHORT,SHORT,False,,False,SINGLE_SHORT,OK,True
MIDPIWI_a68f486cede74a58,1,WP_045143632.1,LONG_A,LONG_A,False,,False,SINGLE_LONG_A,OK,True
MIDPIWI_a6f08c8870b09b81,1,WP_081892706.1,LONG_A,LONG_A,False,,False,SINGLE_LONG_A,OK,True
MIDPIWI_a70fa1f1138d1149,1,WP_073217643.1,LONG_B,LONG_B,False,,False,SINGLE_LONG_B,OK,True
MIDPIWI_a739b74acb5a466a,2,WP_056888902.1 WP_091126758.1,SHORT,SHORT,False,,False,SINGLE_SHORT,OK,True
MIDPIWI_a7bfe575ea5dc2eb,1,WP_038030576.1,LONG_A,LONG_A,False,,False,SINGLE_LONG_A,OK,True
MIDPIWI_a7e6dfa461270c45,2,WP_017454948.1 WP_075256236.1,SHORT,SHORT,False,,False,SINGLE_SHORT,OK,True
MIDPIWI_a877e2df50c4b208,1,WP_062081643.1,LONG_B,LONG_B,False,,False,SINGLE_LONG_B,OK,True
MIDPIWI_a8f74a7ce2625cbc,1,WP_056695929.1,SHORT,SHORT,False,,False,SINGLE_SHORT,OK,True
MIDPIWI_a941b3a18f12f07f,1,WP_080810445.1,SHORT,SHORT,False,,False,SINGLE_SHORT,OK,True
MIDPIWI_a951834454c3b6aa,1,WP_089334213.1,SHORT,SHORT,False,,False,SINGLE_SHORT,OK,True
MIDPIWI_a99216865b253f0c,1,WP_041440484.1,LONG_B,LONG_B,False,,False,SINGLE_LONG_B,OK,True
MIDPIWI_a9aee2824b457139,1,WP_036828494.1,LONG_B,LONG_B,False,,False,SINGLE_LONG_B,OK,True
MIDPIWI_aa2c9932daffaa8d,1,WP_053224305.1,LONG_B,LONG_B,False,,False,SINGLE_LONG_B,OK,True
MIDPIWI_ab34203eb750d4f9,1,WP_096483473.1,SHORT,SHORT,False,,False,SINGLE_SHORT,OK,True
MIDPIWI_ab5db1ea92121f6e,4,WP_030421331.1 WP_037716572.1 WP_062649003.1 WP_093736218.1,SHORT,SHORT,False,,False,SINGLE_SHORT,OK,True
MIDPIWI_abaef2ee6c2ee8c1,2,WP_048925809.1 WP_055087491.1,LONG_A,LONG_A,False,,False,SINGLE_LONG_A,OK,True
MIDPIWI_ac061ecc70d22c90,1,WP_070235713.1,LONG_B,LONG_B,False,,False,SINGLE_LONG_B,OK,True
MIDPIWI_ac2d754c0d192209,2,WP_036856560.1 WP_045167303.1,SHORT,SHORT,False,,False,SINGLE_SHORT,OK,True
MIDPIWI_ac36e95b06586d73,1,WP_046846063.1,SHORT,SHORT,False,,False,SINGLE_SHORT,OK,True
MIDPIWI_ad5edecd7aa9eb4e,1,WP_080811274.1,SHORT,SHORT,False,,False,SINGLE_SHORT,OK,True
MIDPIWI_ae1731e3c1d2a7f9,1,WP_044449525.1,SHORT,SHORT,False,,False,SINGLE_SHORT,OK,True
MIDPIWI_aed7e77795f738c6,4,WP_065818629.1 WP_074637371.1 WP_080458312.1 WP_088664286.1,SHORT,SHORT,False,,False,SINGLE_SHORT,OK,True
MIDPIWI_af00abdb4e56030e,1,WP_059401470.1,SHORT,SHORT,False,,False,SINGLE_SHORT,OK,True
MIDPIWI_af0e343c87d7ce10,1,WP_095840539.1,SHORT,SHORT,False,,False,SINGLE_SHORT,OK,True
MIDPIWI_af845294d5fc1929,2,WP_012979970.1 WP_048201370.1,LONG_A,LONG_A,False,,False,SINGLE_LONG_A,OK,True
MIDPIWI_b0458f1f221f9be0,1,WP_034824194.1,LONG_A,LONG_A,False,,False,SINGLE_LONG_A,OK,True
MIDPIWI_b0d5a84e9f10586a,1,WP_050403924.1,SHORT,SHORT,False,,False,SINGLE_SHORT,OK,True
MIDPIWI_b15e30ed2a57444e,1,WP_006512592.1,SHORT,SHORT,False,,False,SINGLE_SHORT,OK,True
MIDPIWI_b23f33131deb3d0a,2,WP_013654324.1 WP_085772138.1,SHORT,SHORT,False,,False,SINGLE_SHORT,OK,True
MIDPIWI_b29e55a97cb81a54,2,WP_049934199.1 WP_094593095.1,LONG_A,LONG_A,False,,False,SINGLE_LONG_A,OK,True
MIDPIWI_b32d634ad7cad37a,1,WP_056160044.1,SHORT,SHORT,False,,False,SINGLE_SHORT,OK,True
MIDPIWI_b335475c72aec239,2,WP_033463414.1 WP_080700177.1,SHORT,SHORT,False,,False,SINGLE_SHORT,OK,True
MIDPIWI_b344ab0f9f4305bb,1,WP_024810210.1,SHORT,SHORT,False,,False,SINGLE_SHORT,OK,True
MIDPIWI_b3bd542599c0e0a5,1,WP_082755986.1,SHORT,SHORT,False,,False,SINGLE_SHORT,OK,True
MIDPIWI_b3d4462dd30ef46b,1,WP_046756490.1,SHORT,SHORT,False,,False,SINGLE_SHORT,OK,True
MIDPIWI_b426af9654e6de11,1,WP_078813595.1,SHORT,SHORT,False,,False,SINGLE_SHORT,OK,True
MIDPIWI_b4f65eb8b8fcedc4,1,WP_055143320.1,SHORT,SHORT,False,,False,SINGLE_SHORT,OK,True
MIDPIWI_b550903bea4eaa95,1,WP_079791393.1,SHORT,SHORT,False,,False,SINGLE_SHORT,OK,True
MIDPIWI_b575436c539a4d03,1,WP_092037576.1,LONG_A,LONG_A,False,,False,SINGLE_LONG_A,OK,True
MIDPIWI_b6f41fd04b2a1d4f,1,WP_048159825.1,LONG_A,LONG_A,False,,False,SINGLE_LONG_A,OK,True
MIDPIWI_b719b075bb6a34b6,1,WP_007011916.1,SHORT,SHORT,False,,False,SINGLE_SHORT,OK,True
MIDPIWI_b7a15a239ff2007d,1,WP_064030493.1,LONG_A,LONG_A,False,,False,SINGLE_LONG_A,OK,True
MIDPIWI_b8a19c1fc03ace21,1,WP_074671526.1,LONG_B,LONG_B,False,,False,SINGLE_LONG_B,OK,True
MIDPIWI_b8c570426d74547b,3,WP_059848415.1 WP_060274988.1 WP_092416777.1,SHORT,SHORT,False,,False,SINGLE_SHORT,OK,True
MIDPIWI_b8d283cb00a93b8f,2,WP_014295921.1 WP_075780265.1,LONG_A,LONG_A,False,,False,SINGLE_LONG_A,OK,True
MIDPIWI_b9350eed9afd2334,1,WP_097031605.1,SHORT,SHORT,False,,False,SINGLE_SHORT,OK,True
MIDPIWI_b936b6d409678d70,1,WP_031233806.1,SHORT,SHORT,False,,False,SINGLE_SHORT,OK,True
MIDPIWI_b947e9a08d857960,3,WP_015912957.1 WP_074290364.1 WP_096861749.1,LONG_B,LONG_B,False,,False,SINGLE_LONG_B,OK,True
MIDPIWI_b9fa23f93ce97bed,1,WP_015784319.1,LONG_B,LONG_B,False,,False,SINGLE_LONG_B,OK,True
MIDPIWI_ba4133f35d70c30f,1,WP_040311121.1,SHORT,SHORT,False,,False,SINGLE_SHORT,OK,True
MIDPIWI_ba581f8528fc8fcc,2,WP_019960614.1 WP_071240728.1,SHORT,SHORT,False,,False,SINGLE_SHORT,OK,True
MIDPIWI_ba5a7f6978dd6b80,1,WP_099009389.1,LONG_A,LONG_A,False,,False,SINGLE_LONG_A,OK,True
MIDPIWI_ba6018f1bb6ba600,1,WP_080564575.1,LONG_A,LONG_A,False,,False,SINGLE_LONG_A,OK,True
MIDPIWI_ba6f57750649df5c,1,WP_078350477.1,LONG_B,LONG_B,False,,False,SINGLE_LONG_B,OK,True
MIDPIWI_ba7b7699ee709fc3,1,WP_042291992.1,LONG_B,LONG_B,False,,False,SINGLE_LONG_B,OK,True
MIDPIWI_bb0f96165fcf9550,1,WP_075800933.1,LONG_B,LONG_B,False,,False,SINGLE_LONG_B,OK,True
MIDPIWI_bb649b2be2207fca,1,WP_091133620.1,SHORT,SHORT,False,,False,SINGLE_SHORT,OK,True
MIDPIWI_bb772459c74d4416,2,WP_051227128.1 WP_059982501.1,SHORT,SHORT,False,,False,SINGLE_SHORT,OK,True
MIDPIWI_bc98c6b3739b61f5,1,WP_053058140.1,SHORT,SHORT,False,,False,SINGLE_SHORT,OK,True
MIDPIWI_bd64faa12b139780,1,WP_079980881.1,SHORT,SHORT,False,,False,SINGLE_SHORT,OK,True
MIDPIWI_bdd95f5dcab164c2,1,WP_065006788.1,SHORT,SHORT,False,,False,SINGLE_SHORT,OK,True
MIDPIWI_beb5bccdaaf11aa8,1,WP_085938215.1,LONG_A,LONG_A,False,,False,SINGLE_LONG_A,OK,True
MIDPIWI_bebb20684ac66b00,3,WP_011488074.1 WP_028223139.1 WP_052303232.1,SHORT,SHORT,False,,False,SINGLE_SHORT,OK,True
MIDPIWI_beddab0f2d39d935,2,WP_009860218.1 WP_016278428.1,SHORT,SHORT,False,,False,SINGLE_SHORT,OK,True
MIDPIWI_bf1ba18781c28fb9,1,WP_086102656.1,LONG_B,LONG_B,False,,False,SINGLE_LONG_B,OK,True
MIDPIWI_c001ef051de1b9de,2,WP_052334926.1 WP_053772880.1,SHORT,SHORT,False,,False,SINGLE_SHORT,OK,True
MIDPIWI_c02b047324a6ca08,1,WP_041339469.1,LONG_B,LONG_B,False,,False,SINGLE_LONG_B,OK,True
MIDPIWI_c04318a2e68bc077,2,WP_051144000.1 WP_091379925.1,SHORT,SHORT,False,,False,SINGLE_SHORT,OK,True
MIDPIWI_c0cf62e21f15e390,1,WP_014020247.1,SHORT,SHORT,False,,False,SINGLE_SHORT,OK,True
MIDPIWI_c1011fde1a5cf7a8,1,WP_049801371.1,SHORT,SHORT,False,,False,SINGLE_SHORT,OK,True
MIDPIWI_c110e44acef7b35e,1,WP_084739342.1,LONG_A,LONG_A,False,,False,SINGLE_LONG_A,OK,True
MIDPIWI_c1458d06eb867fb5,1,WP_075598738.1,LONG_B,LONG_B,False,,False,SINGLE_LONG_B,OK,True
MIDPIWI_c1bf397d90b86bd6,1,WP_028947682.1,LONG_A,LONG_A,False,,False,SINGLE_LONG_A,OK,True
MIDPIWI_c1e6e7d879c45c47,1,WP_083461754.1,LONG_B,LONG_B,False,,False,SINGLE_LONG_B,OK,True
MIDPIWI_c2379d5d2d1db938,1,WP_011021016.1,SHORT,SHORT,False,,False,SINGLE_SHORT,OK,True
MIDPIWI_c29387d5e54eb22d,1,WP_099070251.1,LONG_B,LONG_B,False,,False,SINGLE_LONG_B,OK,True
MIDPIWI_c2d50064b00ae48d,2,WP_025493197.1 WP_081699304.1,SHORT,SHORT,False,,False,SINGLE_SHORT,OK,True
MIDPIWI_c365cea55b173258,1,WP_082773600.1,LONG_B,LONG_B,False,,False,SINGLE_LONG_B,OK,True
MIDPIWI_c3aa9d8a43b3fa4b,1,WP_091781164.1,SHORT,SHORT,False,,False,SINGLE_SHORT,OK,True
MIDPIWI_c3b82e97008bf293,1,WP_071145652.1,SHORT,SHORT,False,,False,SINGLE_SHORT,OK,True
MIDPIWI_c44807855fa0c054,1,WP_055152023.1,LONG_B,LONG_B,False,,False,SINGLE_LONG_B,OK,True
MIDPIWI_c4a4d17cb797992d,1,WP_051444181.1,SHORT,SHORT,False,,False,SINGLE_SHORT,OK,True
MIDPIWI_c509984d3b5e8a92,1,WP_055111997.1,SHORT,SHORT,False,,False,SINGLE_SHORT,OK,True
MIDPIWI_c53ba7c996cff69d,1,WP_042565353.1,SHORT,SHORT,False,,False,SINGLE_SHORT,OK,True
MIDPIWI_c53c657aa4272876,1,WP_027844945.1,LONG_A,LONG_A,False,,False,SINGLE_LONG_A,OK,True
MIDPIWI_c682ba0948670eb8,1,WP_093831857.1,LONG_A,LONG_A,False,,False,SINGLE_LONG_A,OK,True
MIDPIWI_c6fbb9fbd30e3122,1,WP_035549539.1,SHORT,SHORT,False,,False,SINGLE_SHORT,OK,True
MIDPIWI_c7a7b4721edbe518,1,WP_095832385.1,LONG_B,LONG_B,False,,False,SINGLE_LONG_B,OK,True
MIDPIWI_c8324321eb0b19ae,3,NP_681738.1 WP_011056792.1 WP_024125870.1,LONG_A,LONG_A,False,,False,SINGLE_LONG_A,OK,True
MIDPIWI_c8b05d68ca3111ec,1,WP_017841076.1,LONG_A,LONG_A,False,,False,SINGLE_LONG_A,OK,True
MIDPIWI_c94cfd11427aaf89,1,WP_026751107.1,LONG_B,LONG_B,False,,False,SINGLE_LONG_B,OK,True
MIDPIWI_c956562fa17ed765,1,WP_089668176.1,LONG_A,LONG_A,False,,False,SINGLE_LONG_A,OK,True
MIDPIWI_ca3baae7f4db5ad2,1,WP_005783349.1,SHORT,SHORT,False,,False,SINGLE_SHORT,OK,True
MIDPIWI_cb065fbccc29a919,1,WP_096885432.1,LONG_A,LONG_A,False,,False,SINGLE_LONG_A,OK,True
MIDPIWI_cb094f551c2b1f28,1,WP_019494780.1,LONG_A,LONG_A,False,,False,SINGLE_LONG_A,OK,True
MIDPIWI_cb0ad81af1b2c966,1,WP_067970430.1,SHORT,SHORT,False,,False,SINGLE_SHORT,OK,True
MIDPIWI_cb8093b35bb6be84,2,WP_065664089.1 WP_075225804.1,SHORT,SHORT,False,,False,SINGLE_SHORT,OK,True
MIDPIWI_cbb1e53a25bb23e0,1,WP_013109335.1,SHORT,SHORT,False,,False,SINGLE_SHORT,OK,True
MIDPIWI_cc1a5955eb06ab88,1,WP_028663822.1,LONG_B,LONG_B,False,,False,SINGLE_LONG_B,OK,True
MIDPIWI_cd27364f38bf828b,1,WP_068488195.1,LONG_A,LONG_A,False,,False,SINGLE_LONG_A,OK,True
MIDPIWI_cd612d85c40aa9d6,1,WP_013632721.1,SHORT,SHORT,False,,False,SINGLE_SHORT,OK,True
MIDPIWI_cde2f8f1a5673ae7,1,WP_072985233.1,LONG_B,LONG_B,False,,False,SINGLE_LONG_B,OK,True
MIDPIWI_ce046f83f190b8d0,1,WP_075600998.1,SHORT,SHORT,False,,False,SINGLE_SHORT,OK,True
MIDPIWI_ce1b2e776daf8464,1,WP_072261297.1,LONG_B,LONG_B,False,,False,SINGLE_LONG_B,OK,True
MIDPIWI_ce4142788d82b566,1,WP_062365450.1,SHORT,SHORT,False,,False,SINGLE_SHORT,OK,True
MIDPIWI_ce66ec360ef20f7e,1,WP_026932798.1,SHORT,SHORT,False,,False,SINGLE_SHORT,OK,True
MIDPIWI_cebdd809788af22f,1,WP_034768861.1,SHORT,SHORT,False,,False,SINGLE_SHORT,OK,True
MIDPIWI_cf5eb17311030937,2,WP_039925744.1 WP_044015994.1,SHORT,SHORT,False,,False,SINGLE_SHORT,OK,True
MIDPIWI_cf91ce58497aef11,1,WP_081295619.1,SHORT,SHORT,False,,False,SINGLE_SHORT,OK,True
MIDPIWI_cf92d8a6841b7483,1,WP_085870579.1,SHORT,SHORT,False,,False,SINGLE_SHORT,OK,True
MIDPIWI_cfe01b6304badb38,1,WP_017747476.1,LONG_B,LONG_B,False,,False,SINGLE_LONG_B,OK,True
MIDPIWI_d092ff7a1b80bd83,1,WP_091170676.1,SHORT,SHORT,False,,False,SINGLE_SHORT,OK,True
MIDPIWI_d0bab6321997fe28,1,WP_076701676.1,LONG_A,LONG_A,False,,False,SINGLE_LONG_A,OK,True
MIDPIWI_d0cfdd65c55aaf29,1,WP_013604390.1,UNRESOLVED,,True,,False,UNRESOLVED_ONLY,REVIEW,False
MIDPIWI_d0d91a6490debdbc,1,WP_081743200.1,SHORT,SHORT,False,,False,SINGLE_SHORT,OK,True
MIDPIWI_d0dabc62150ad038,1,WP_011940821.1,SHORT,SHORT,False,,False,SINGLE_SHORT,OK,True
MIDPIWI_d1a6ce90752f0ff4,5,WP_025091661.1 WP_062785620.1 WP_066798582.1 WP_067182979.1 WP_083592923.1,SHORT,SHORT,False,,False,SINGLE_SHORT,OK,True
MIDPIWI_d26fc79b40f6563d,1,WP_082735923.1,LONG_B,LONG_B,False,,False,SINGLE_LONG_B,OK,True
MIDPIWI_d290df3186beb3b3,1,WP_010424306.1,SHORT,SHORT,False,,False,SINGLE_SHORT,OK,True
MIDPIWI_d29320a4a6f7b09d,1,WP_050783877.1,SHORT,SHORT,False,,False,SINGLE_SHORT,OK,True
MIDPIWI_d2ed52bdd0b479f8,3,WP_093896622.1 WP_094214393.1 WP_100572090.1,SHORT,SHORT,False,,False,SINGLE_SHORT,OK,True
MIDPIWI_d36870e9c930eae5,1,WP_010165149.1,SHORT,SHORT,False,,False,SINGLE_SHORT,OK,True
MIDPIWI_d3b4e73b29124a88,1,WP_083396642.1,SHORT,SHORT,False,,False,SINGLE_SHORT,OK,True
MIDPIWI_d4179c9bae67d854,1,WP_074129928.1,SHORT,SHORT,False,,False,SINGLE_SHORT,OK,True
MIDPIWI_d58bf30f1aa2de32,5,WP_009456812.1 WP_017309810.1 WP_044451674.1 WP_073555659.1 WP_102182189.1,LONG_A,LONG_A,False,,False,SINGLE_LONG_A,OK,True
MIDPIWI_d58e13f8c367c5c7,2,WP_013833357.1 WP_089215968.1,SHORT,SHORT,False,,False,SINGLE_SHORT,OK,True
MIDPIWI_d5b32b0e03868bd9,1,WP_011831498.1,SHORT,SHORT,False,,False,SINGLE_SHORT,OK,True
MIDPIWI_d6fe44259362ed29,1,WP_068222130.1,SHORT,SHORT,False,,False,SINGLE_SHORT,OK,True
MIDPIWI_d7011bfae3d5743c,1,WP_038044516.1,LONG_A,LONG_A,False,,False,SINGLE_LONG_A,OK,True
MIDPIWI_d7449478cfaf66a8,1,WP_036798916.1,LONG_B,LONG_B,False,,False,SINGLE_LONG_B,OK,True
MIDPIWI_d76cf3665984cb0f,1,WP_045964484.1,LONG_A,LONG_A,False,,False,SINGLE_LONG_A,OK,True
MIDPIWI_d7cc2e93f1080de3,1,WP_099701147.1,LONG_A,LONG_A,False,,False,SINGLE_LONG_A,OK,True
MIDPIWI_d82031b46c01f950,1,WP_018594123.1,SHORT,SHORT,False,,False,SINGLE_SHORT,OK,True
MIDPIWI_d89016830d266993,1,WP_041081268.1,LONG_A,LONG_A,False,,False,SINGLE_LONG_A,OK,True
MIDPIWI_d89211ecd3028c3b,1,WP_100991967.1,SHORT,SHORT,False,,False,SINGLE_SHORT,OK,True
MIDPIWI_d8e8ef55cc347b83,1,WP_047589627.1,LONG_B,LONG_B,False,,False,SINGLE_LONG_B,OK,True
MIDPIWI_dae8a3af5983de06,1,WP_008838212.1,LONG_A,LONG_A,False,,False,SINGLE_LONG_A,OK,True
MIDPIWI_db56ed71c60514eb,1,WP_087337819.1,SHORT,SHORT,False,,False,SINGLE_SHORT,OK,True
MIDPIWI_dbc3385b257ba8b7,6,WP_023692462.1 WP_037187053.1 WP_038943876.1 WP_077292070.1 WP_086023002.1 WP_092820763.1,SHORT,SHORT,False,,False,SINGLE_SHORT,OK,True
MIDPIWI_dbd7c4177420ba40,1,WP_099438430.1,LONG_B,LONG_B,False,,False,SINGLE_LONG_B,OK,True
MIDPIWI_dc0d8bbc0562dac7,1,WP_098195322.1,SHORT,SHORT,False,,False,SINGLE_SHORT,OK,True
MIDPIWI_dc5e13ac01891968,1,WP_081144923.1,LONG_B,LONG_B,False,,False,SINGLE_LONG_B,OK,True
MIDPIWI_dcf0cbe748bc80e0,1,WP_013847450.1,LONG_B,LONG_B,False,,False,SINGLE_LONG_B,OK,True
MIDPIWI_dd5ae29d2187891c,2,WP_041438497.1 WP_099834802.1,LONG_A,LONG_A,False,,False,SINGLE_LONG_A,OK,True
MIDPIWI_dd5cba059cada187,1,WP_094590818.1,LONG_A,LONG_A,False,,False,SINGLE_LONG_A,OK,True
MIDPIWI_ddafbf141e025e3f,1,WP_083764430.1,LONG_A,LONG_A,False,,False,SINGLE_LONG_A,OK,True
MIDPIWI_ddc8fe70e89cf313,3,WP_083862946.1 WP_096534863.1 WP_096644251.1,LONG_A,LONG_A,False,,False,SINGLE_LONG_A,OK,True
MIDPIWI_de78cc94b1f0b12a,5,WP_004748891.1 WP_011718590.1 WP_020208903.1 WP_036211522.1 WP_092022087.1,SHORT,SHORT,False,,False,SINGLE_SHORT,OK,True
MIDPIWI_deaa409bb7283787,1,WP_094134973.1,LONG_B,LONG_B,False,,False,SINGLE_LONG_B,OK,True
MIDPIWI_dfa2696e6982bd3b,1,WP_091639651.1,SHORT,SHORT,False,,False,SINGLE_SHORT,OK,True
MIDPIWI_e024b3645a1d9ff9,2,WP_011434286.1 WP_099812941.1,LONG_A,LONG_A,False,,False,SINGLE_LONG_A,OK,True
MIDPIWI_e0410de79cc0d61b,1,WP_069133529.1,LONG_B,LONG_B,False,,False,SINGLE_LONG_B,OK,True
MIDPIWI_e059c57309a30c5a,5,WP_006054116.1 WP_006090832.1 WP_058572808.1 WP_074796062.1 WP_089880661.1,LONG_A,LONG_A,False,,False,SINGLE_LONG_A,OK,True
MIDPIWI_e062d05c8025d957,5,WP_072885920.1 WP_078690884.1 WP_085471791.1 WP_088264063.1 WP_101726682.1,LONG_B,LONG_B,False,,False,SINGLE_LONG_B,OK,True
MIDPIWI_e09cca6d34993f39,1,WP_013921749.1,LONG_A,LONG_A,False,,False,SINGLE_LONG_A,OK,True
MIDPIWI_e0c1c2dfc479ca16,1,WP_080509724.1,SHORT,SHORT,False,,False,SINGLE_SHORT,OK,True
MIDPIWI_e0d843ab56fc4eff,1,WP_084234542.1,SHORT,SHORT,False,,False,SINGLE_SHORT,OK,True
MIDPIWI_e111ebb0d3aa2cba,2,WP_016804074.1 WP_025465492.1,LONG_B,LONG_B,False,,False,SINGLE_LONG_B,OK,True
MIDPIWI_e1c4be1fc9c570be,1,WP_047451873.1,LONG_B,LONG_B,False,,False,SINGLE_LONG_B,OK,True
MIDPIWI_e1d6c49ff7e69236,2,WP_006328963.1 WP_023699067.1,SHORT,SHORT,False,,False,SINGLE_SHORT,OK,True
MIDPIWI_e1eba32e065a1a71,1,WP_033435353.1,LONG_B,LONG_B,False,,False,SINGLE_LONG_B,OK,True
MIDPIWI_e228f94fb60414d3,1,WP_057221538.1,SHORT,SHORT,False,,False,SINGLE_SHORT,OK,True
MIDPIWI_e2acef84ee7a045d,1,WP_090604190.1,LONG_B,LONG_B,False,,False,SINGLE_LONG_B,OK,True
MIDPIWI_e3dc7ed5301e6fe7,1,WP_070097871.1,LONG_B,LONG_B,False,,False,SINGLE_LONG_B,OK,True
MIDPIWI_e3f215f605fdb3f6,1,WP_006746222.1,SHORT,SHORT,False,,False,SINGLE_SHORT,OK,True
MIDPIWI_e494bea22e92b112,1,WP_092265422.1,LONG_A,LONG_A,False,,False,SINGLE_LONG_A,OK,True
MIDPIWI_e6159c63cbbb3231,1,WP_093228074.1,LONG_A,LONG_A,False,,False,SINGLE_LONG_A,OK,True
MIDPIWI_e6933c269af6dafe,1,WP_067527441.1,SHORT,SHORT,False,,False,SINGLE_SHORT,OK,True
MIDPIWI_e70865668ebbeda5,1,WP_088347300.1,LONG_B,LONG_B,False,,False,SINGLE_LONG_B,OK,True
MIDPIWI_e75dd9075b8313dd,1,WP_016876098.1,LONG_A,LONG_A,False,,False,SINGLE_LONG_A,OK,True
MIDPIWI_e7786d6030dbf259,1,WP_081441952.1,SHORT,SHORT,False,,False,SINGLE_SHORT,OK,True
MIDPIWI_e7b11e4ea9e7b342,1,WP_006630693.1,SHORT,SHORT,False,,False,SINGLE_SHORT,OK,True
MIDPIWI_e7b7af6ec7bdaba5,2,WP_004308218.1 WP_004318406.1,SHORT,SHORT,False,,False,SINGLE_SHORT,OK,True
MIDPIWI_e7c99ecfa5d9f6aa,1,WP_014387264.1,SHORT,SHORT,False,,False,SINGLE_SHORT,OK,True
MIDPIWI_e7feb5701e70ab76,1,WP_089408463.1,LONG_B,LONG_B,False,,False,SINGLE_LONG_B,OK,True
MIDPIWI_e849eb4b06b7a840,1,WP_069709177.1,SHORT,SHORT,False,,False,SINGLE_SHORT,OK,True
MIDPIWI_e8a5711f6065f1bc,2,WP_035133775.1 WP_072319133.1,LONG_B,LONG_B,False,,False,SINGLE_LONG_B,OK,True
MIDPIWI_e941584f21417dbf,1,WP_027025738.1,SHORT,SHORT,False,,False,SINGLE_SHORT,OK,True
MIDPIWI_e96679bfc0caa1fb,1,WP_047479138.1,SHORT,SHORT,False,,False,SINGLE_SHORT,OK,True
MIDPIWI_e98350ddf146b2d0,1,WP_069020258.1,SHORT,SHORT,False,,False,SINGLE_SHORT,OK,True
MIDPIWI_e9ccd7d222fae623,1,WP_087406053.1,SHORT,SHORT,False,,False,SINGLE_SHORT,OK,True
MIDPIWI_e9f7b15f43055028,1,WP_036632783.1,SHORT,SHORT,False,,False,SINGLE_SHORT,OK,True
MIDPIWI_ea366e4ec983eab4,1,WP_013299754.1,SHORT,SHORT,False,,False,SINGLE_SHORT,OK,True
MIDPIWI_ea51c6ef50c2c4ce,2,WP_008606028.1 WP_077208232.1,LONG_B,LONG_B,False,,False,SINGLE_LONG_B,OK,True
MIDPIWI_eae3e1afc713374a,1,WP_008706031.1,SHORT,SHORT,False,,False,SINGLE_SHORT,OK,True
MIDPIWI_eb13bfd8eb9eb6c8,1,WP_011504020.1,SHORT,SHORT,False,,False,SINGLE_SHORT,OK,True
MIDPIWI_ebbf543784c2b4e3,1,WP_080840602.1,LONG_A,LONG_A,False,,False,SINGLE_LONG_A,OK,True
MIDPIWI_ebf530461938f41e,1,WP_057834161.1,SHORT,SHORT,False,,False,SINGLE_SHORT,OK,True
MIDPIWI_ecb0098d1446c517,6,WP_005864495.1 WP_008781126.1 WP_016268111.1 WP_032541218.1 WP_033572516.1 WP_044272246.1,SHORT,SHORT,False,,False,SINGLE_SHORT,OK,True
MIDPIWI_ecfb534b0aac58a9,1,WP_036253794.1,LONG_A,LONG_A,False,,False,SINGLE_LONG_A,OK,True
MIDPIWI_ed12fc3562f658f6,2,WP_061934618.1 WP_090674307.1,SHORT,SHORT,False,,False,SINGLE_SHORT,OK,True
MIDPIWI_ed1e47be46ee2887,1,WP_091374193.1,LONG_B,LONG_B,False,,False,SINGLE_LONG_B,OK,True
MIDPIWI_ed8346e39dfce681,1,WP_056495446.1,SHORT,SHORT,False,,False,SINGLE_SHORT,OK,True
MIDPIWI_edb60b3761d016da,2,NP_213999.1 WP_010880937.1,LONG_A,LONG_A,False,,False,SINGLE_LONG_A,OK,True
MIDPIWI_ede409acf6ce3288,1,WP_055268308.1,LONG_A,LONG_A,False,,False,SINGLE_LONG_A,OK,True
MIDPIWI_edfe6b2fe7436a8b,1,WP_010878815.1,UNRESOLVED,,True,AfAgo,True,UNRESOLVED_ONLY,QUARANTINE,False
MIDPIWI_ee07161e2d624c6d,1,WP_012597165.1,LONG_B,LONG_B,False,,False,SINGLE_LONG_B,OK,True
MIDPIWI_eee19843b84be15b,1,WP_014200912.1,SHORT,SHORT,False,,False,SINGLE_SHORT,OK,True
MIDPIWI_ef7fad2b3be4f94d,1,WP_068616618.1,LONG_A,LONG_A,False,,False,SINGLE_LONG_A,OK,True
MIDPIWI_ef965242246eacc7,2,WP_000151321.1 WP_004710421.1,LONG_B,LONG_B,False,,False,SINGLE_LONG_B,OK,True
MIDPIWI_f00f8e7bc1f10d16,4,WP_049858649.1 WP_079392071.1 WP_079759401.1 WP_088193538.1,SHORT,SHORT,False,,False,SINGLE_SHORT,OK,True
MIDPIWI_f01ef3f9fa55f9f5,1,WP_095565912.1,SHORT,SHORT,False,,False,SINGLE_SHORT,OK,True
MIDPIWI_f0578329006d4cab,1,WP_087838767.1,SHORT,SHORT,False,,False,SINGLE_SHORT,OK,True
MIDPIWI_f083a291790e8b59,2,WP_027308646.1 WP_084106721.1,LONG_A,LONG_A,False,,False,SINGLE_LONG_A,OK,True
MIDPIWI_f137d4c5037ebd2a,1,WP_080807610.1,LONG_B,LONG_B,False,,False,SINGLE_LONG_B,OK,True
MIDPIWI_f1a0592a9e0e95ac,2,WP_002566035.1 WP_048931269.1,SHORT,SHORT,False,,False,SINGLE_SHORT,OK,True
MIDPIWI_f1cfff7bf1e8f27c,1,WP_022949975.1,SHORT,SHORT,False,,False,SINGLE_SHORT,OK,True
MIDPIWI_f404aed597ffb069,3,WP_052142878.1 WP_059622980.1 WP_080498849.1,SHORT,SHORT,False,,False,SINGLE_SHORT,OK,True
MIDPIWI_f4a58130e47762a7,1,WP_071516134.1,LONG_A,LONG_A,False,,False,SINGLE_LONG_A,OK,True
MIDPIWI_f6aba3edecaaef4f,1,WP_061880232.1,SHORT,SHORT,False,,False,SINGLE_SHORT,OK,True
MIDPIWI_f73907ec85971e18,1,WP_090229045.1,SHORT,SHORT,False,,False,SINGLE_SHORT,OK,True
MIDPIWI_f762dba611974017,3,WP_053471386.1 WP_056209640.1 WP_073243758.1,SHORT,SHORT,False,,False,SINGLE_SHORT,OK,True
MIDPIWI_f7d9c99a45ea4db5,1,WP_051660779.1,SHORT,SHORT,False,,False,SINGLE_SHORT,OK,True
MIDPIWI_f8286ceaa519c22a,2,WP_036883142.1 WP_088492884.1,SHORT,SHORT,False,,False,SINGLE_SHORT,OK,True
MIDPIWI_f8ce5859b5c5d9ae,1,WP_094551617.1,LONG_B,LONG_B,False,,False,SINGLE_LONG_B,OK,True
MIDPIWI_f90e5ae0257cdf44,1,WP_015201773.1,LONG_A,LONG_A,False,,False,SINGLE_LONG_A,OK,True
MIDPIWI_f9e3b9a23e67abfe,1,WP_042399050.1,LONG_A,LONG_A,False,,False,SINGLE_LONG_A,OK,True
MIDPIWI_fa66281e0c114943,1,WP_092721547.1,LONG_A,LONG_A,False,,False,SINGLE_LONG_A,OK,True
MIDPIWI_fad8b428a437cae4,1,WP_093992233.1,SHORT,SHORT,False,,False,SINGLE_SHORT,OK,True
MIDPIWI_fb06e4caacb764d8,3,WP_018045489.1 WP_056186123.1 WP_060847087.1,SHORT,SHORT,False,,False,SINGLE_SHORT,OK,True
MIDPIWI_fb4f3cc1d5777f04,1,WP_051645823.1,SHORT,SHORT,False,,False,SINGLE_SHORT,OK,True
MIDPIWI_fb56a1fed8b75e65,1,WP_090525847.1,SHORT,SHORT,False,,False,SINGLE_SHORT,OK,True
MIDPIWI_fb96830602857bfe,3,WP_008983419.1 WP_036958753.1 WP_065578026.1,SHORT,SHORT,False,,False,SINGLE_SHORT,OK,True
MIDPIWI_fb9721c0d5f7eb42,1,WP_075793711.1,SHORT,SHORT,False,,False,SINGLE_SHORT,OK,True
MIDPIWI_fbd4ca8d3e527d90,1,WP_065010824.1,SHORT,SHORT,False,,False,SINGLE_SHORT,OK,True
MIDPIWI_fbf7c059661f7056,1,WP_044937782.1,LONG_A,LONG_A,False,,False,SINGLE_LONG_A,OK,True
MIDPIWI_fc9b16fd574561d7,2,WP_010682499.1 WP_089230993.1,LONG_B,LONG_B,False,,False,SINGLE_LONG_B,OK,True
MIDPIWI_fd0953ad74052ed9,1,WP_017748677.1,LONG_A,LONG_A,False,,False,SINGLE_LONG_A,OK,True
MIDPIWI_fd46813dc2001412,5,WP_076628695.1 WP_092838824.1 WP_093994043.1 WP_094023191.1 WP_097082795.1,SHORT,SHORT,False,,False,SINGLE_SHORT,OK,True
MIDPIWI_fd770eb1b3f6981f,4,WP_050617980.1 WP_058963777.1 WP_087287470.1 WP_087292483.1,SHORT,SHORT,False,,False,SINGLE_SHORT,OK,True
MIDPIWI_fe5a60e9872c959f,1,WP_016523204.1,LONG_B,LONG_B,False,,False,SINGLE_LONG_B,OK,True
MIDPIWI_fe6b635774f00d24,1,WP_024873364.1,LONG_A,LONG_A,False,,False,SINGLE_LONG_A,OK,True
MIDPIWI_ff6fc514811c3f90,1,WP_047618200.1,SHORT,SHORT,False,,False,SINGLE_SHORT,OK,True
MIDPIWI_ffca7eb2be6ba34c,1,WP_078924280.1,LONG_B,LONG_B,False,,False,SINGLE_LONG_B,OK,True
