sequence_id,sequence_sha256,split_group_id
NP_951611.1,2f746afa07a4d8a5d5eda4436dd9016eddcaa3b949f850913733e736b312d958,APAZ_add9dc675b7abd7f
NP_952413.1,b39dec682ca1ed4dfdd1094cf75fdc75fc643bf763fe2462d72158b821984645,APAZ_463d55ff939a9eb1
WP_002566035.1,a04f00d17801fad2ad4e421f2820c2dca713a4dd5d1cf8b5e8dbff3b62b7cc2f,APAZ_c65d94d5cd7800bc
WP_002993155.1,d9b75acf02d2fc41442563d2751a79d86b5c7150cff3438608b119292bda7295,APAZ_ff242df0b3d7d719
WP_003280119.1,18de24a0d5eb6806816939e4e40aae52a4114b598c2e85d71aae2dd87cb8c5a4,APAZ_5396cea7a74a8afb
WP_003807800.1,d7f9410b25a775edd31aa72fab474980f8f4d2ec4d5b0957baaf57edcc36a587,APAZ_5f1793b22708bf82
WP_004264290.1,ede840d9f05e47692f6ad291b1f74fc20581c84a058882ef025adb55b1f92e2c,APAZ_3b046cd327227c7e
WP_004271609.1,43c5e41be8a60eacec5bda26bcd3b17988baefd4925359d22b8b126331d58595,APAZ_50410f8ae2a66c71
WP_004290502.1,efda8b7e2465df1396f5cf0519b7f4d8c1b483ab67326129d52b76b933aeeb1d,APAZ_9b4e33778023239d
WP_004308218.1,0b6c348c262c93e8b783283057fc548e7980abe7672aab9798e74d975ce8f5ed,APAZ_db7a4da6e2ba7f40
WP_004594199.1,9f7174f86324bc12f3c18c0df04cbb1a533c8ff05a35b780b69f702a24fa3712,APAZ_3e86350f99879f5f
WP_004624807.1,9090b4d487021677e478c766b0a8f37f411eb9fc69e17ee9267cff12c561f5b7,APAZ_48ea3eaf53821b49
WP_004748890.1,23b92c3f7c74274e9d598fa316e393c09ba168df52069a804114079aa88a9f5b,APAZ_a4b1525fda783880
WP_005277191.1,25e3b48902bbf8cf63ee349e9489b1c08930ff5857a24fdfa1b09533399d4f96,APAZ_977d9fce12796157
WP_005372458.1,7d5d282ffaea062c4ec5bd859ef3d7db71bd9b0e3d189efaded3a7dd70af8955,APAZ_cba5df4cf5a3ab38
WP_005783348.1,3680a00c5e37dc480ac39388a93810dafc41dd9d4e621d975c779b99c3e0de41,APAZ_54b9834122e9db1d
WP_005801097.1,27332b4ca1a3b10bd3520cd33df5a92476ec2f35f37af073b9877736ea83d15a,APAZ_70ed68a4b4708b4e
WP_005988489.1,4cccce65ebeb44c3145c1a93581f81ba2224e15789b43d81794052a4a2f6c06f,APAZ_1a99018ce6e9923e
WP_006019181.1,8bbef9fac8256ca1cbbeb00ea2b5b0c8a63dc0b658828c558cc4c9c43fd1b62c,APAZ_17a026456ccd491d
WP_006270760.1,3ba57c683913969539dc505f68fc4d8be3ad8b3e9800523e023273654663da51,APAZ_88a8a7382ba2b9b7
WP_006685036.1,4380bcd45a2f5c73a49b662b5a45905f4111462c971ebe99fd9b887179e3215a,APAZ_b56eeeec1ad17b4f
WP_006746222.1,af60b577e885b296cc72ba5f8b1d3fc996cdb2ad3a68db50d8ea1c69a6fc2789,APAZ_e3f215f605fdb3f6
WP_007215639.1,19d3e9df637561bd6ddc70814b641df7f7b0321423db9e819dd5b6dad4d3363d,APAZ_32d75c4897e9fca8
WP_008137934.1,f3b98d52e918cdea3000cdf84d811cdb222320b8cd2554fdb7d6c0756ab40488,APAZ_8204295a55dda992
WP_008140723.1,9a6b258e442fd49342139958b55c8366cdb331546e39cb350fe58bb382ad6b5e,APAZ_ee372cb479fba6cc
WP_008387995.1,74e4c86b786a51d3eea3966171684aee3827421eb9fda14a5db1f3bf63170eec,APAZ_4d229b8e5f46221a
WP_008510818.1,a5f4fd9b308f1053ffa4038054ce47e30e500eeb13f189ba6d4e9737c1184b7a,APAZ_f7b50bb04e34279f
WP_008615787.1,53ddf85b002f1c375b8cb2d435f7d62f33bee106205269b52de766ccb65582ff,APAZ_422c4d267d2b0937
WP_008657175.1,355c9166c6d31dcc514a43ee3ea3b9d6b12a13854fa5de1c130d5effa2305fff,APAZ_9a37def19f3dcaab
WP_008706033.1,c04288f71d468e99fd863ebaea1c48513c308532d1eed0155e500638b1758099,APAZ_ba771b4336db4603
WP_008781127.1,b581efd4caee436b5d4b5d3dcf89d96158a77bb6189a1da631723cefd1a445cf,APAZ_3e3154d632484dc5
WP_008877326.1,e696bc68ccee690502d6c8a11e1c1bf1ab14328d03b3006995a0a7b57ee42765,APAZ_56579b2fe32bfa35
WP_008983418.1,239ea83b7d000c4684c6329681bad2f140e598ba15b98a84b45bcdc7163fd8ce,APAZ_fd437e4d694e45ea
WP_009043888.1,462d58156c2da7644a2e84943efa801bda39f9bcbf949b2c9448e3bf4348eae9,APAZ_84518391a2f43786
WP_009301608.1,e280207d3678821a0dba8145f3f24d2ef1910a303f9f33d52c38e519313193fe,APAZ_ba4e85de54dc524c
WP_009507644.1,edd2da1ee17e0bc1ceb8cf4e662b8e6a80d33e5eb948ef2b020f7a476fbfde22,APAZ_be13a615c7bf8e38
WP_009860218.1,ff4db94e5dadf3e46fc68c6bcd91e66a163ef85fefa863ae2f746ac7657a2737,APAZ_160fe183df39f647
WP_010123961.1,fdc8f167c9d1490972af5a2c6525fd52743ce2a766282ed22853be08d255007a,APAZ_11696bd624251659
WP_010165148.1,e2d1e89dd1a8d50629c84cb343be8b7939a8f109b7cae21800bd1a217b070f53,APAZ_bc184db384853d4d
WP_010424308.1,5737a497e8d7aa2e190de5555fa3f80df85e3befbf5bec81f0ae3336e8e49752,APAZ_fd3aec8c2d54d233
WP_010683362.1,95b3476001b09c790b0162209b258192540d54e618cfa76401579511eb9a9904,APAZ_f5d6c4b154836107
WP_010913851.1,5ac98f9490b9f901cd2cba1f33f5477a3daa4b374414ca23c95c31a02e606d9b,APAZ_d4a723c162d073aa
WP_011021017.1,e86eff14d28bb2c384abb120fe4167f188856793f10ad7cd90a40ff00f55f0c5,APAZ_3d6526e5d2894d6d
WP_011504021.1,3a989cbc1dc19883194c9f5d765ec8ec9a6c5e0b44ed3863dc8396ec9aadd610,APAZ_4e2ff2caf012ce82
WP_011767948.1,edfd305a1d71fe85c9f2b0a9f24b0c71ebe7ea0054857b47d96a36a04e92a1cd,APAZ_b2d23b2179d83d74
WP_011831497.1,431f77779dcfdefcc7b3c015df447bc30e3c3d258e0e2ba79d01135528241eba,APAZ_6818fa90569f7d08
WP_011923975.1,72130f23279dd894174f8bd7baabee3c5a4f7a2ef8ba37d764b7257e19ad9496,APAZ_3cb9f8bb91cb9acd
WP_011940822.1,9e0f8c164ff7c249568405837339eed90e23f3549ff32ce7dd55ea6d3d787fc1,APAZ_5ffc1d09a6018ba1
WP_011971023.1,2796ed07a953029aaa88a7b813610358330b6bfab10b51c0d38bd8fa99860ae7,APAZ_e6f77690fcb33135
WP_012222258.1,5323bb232e098169feaae8b2fd2f9714cb783b163c1584bc4f8add4a16677b78,APAZ_b8f4921e94892ccc
WP_012473795.1,a2d659a0a8863bd7cff7e7e1a6e433015bbb63b9ca63755148d9ade569b33f98,APAZ_70a8d8865319e21e
WP_012486312.1,3859b4b9d9ee7e8835e829d48f70721b9874a51f255918d5e44eca0ed8c3fb99,APAZ_aac93716b425e859
WP_012489404.1,6c59d72e183a33b019da927bf6ad0dc9688b391e38062e4b1c42eee69f529404,APAZ_df243f09c1cec7ab
WP_013078838.1,6024822dace41ade1fe32c803e8f770766cb2173cf91b17aa251a3956e2d24d7,APAZ_c48939a4fef0909a
WP_013109336.1,2ed0cb5f8e7f8f60b3de560c49fa8c2ca624650edf28aa2ebb6d7e767a6c988e,APAZ_9a9d01086064ad00
WP_013299755.1,cf6e2dbd52bd619317138536103cc9a29e49105f4814cddaf0f760b76de744a3,APAZ_e93e9959dd245b6c
WP_013596009.1,b886f537c3da15f55809744f97cdd9dde9c1072e588895b0e9dd96fd9868b375,APAZ_c87fe55c31e4f459
WP_013632722.1,84cd192323e028ab73da229fecf9dee9961009788253442b91a441d4d2616696,APAZ_1bfa0dc61830b2ec
WP_013637054.1,9642620f3e0905640022b652f9cc9f2c3d5d239f060e0d704fbcf736e838f686,APAZ_fa2c37fbafe41982
WP_013654325.1,be3c394e9c9cdbebe9ed6a4d5f92f8acd7b378083ab58ad789b06db1da2cbbd9,APAZ_c2f49c4ba7c502d4
WP_013685229.1,80ae39556ae9444a76edd1edadb918816607557af0dcd100a7d6abc574f2a1f4,APAZ_9760d53656a86ba1
WP_013801384.1,7be9f23f2adb1eefa10b58e0833b0c4743e627d96708a476e80483e28e1140fa,APAZ_b54cac981b745f91
WP_013833356.1,72bfadc022d059be3fcbfec3f6cc8f197620dd791dd52ea99aa59bf2a08722b8,APAZ_a00d3d727c91aba6
WP_014020246.1,581916a3d28514dd3a5f9f45af9873610b70fc2a21dcc4183942b0867011d14c,APAZ_fbfa5eb1cb8412a9
WP_014132757.1,f17fda5386c911d8c47a88b2da08a52007569e67001d890557817ef47ccf7b26,APAZ_e7fa82514d83b20d
WP_014200913.1,48de8d287963558fee9d83e883c9a15413047f3d39a19a41d08ce639dc1773e2,APAZ_cb1c2ad7a70956c8
WP_014387263.1,af80dd9cc155761ea25538533db3e9d4c98583ae83b1931213591958c840a92d,APAZ_aaebe8cd753cce8a
WP_014746185.1,2b848fc6cd04dd803431b8d912ace52f1d548e78068da54677fdcfeaece165af,APAZ_297e87a73c244c7c
WP_015056745.1,40cca8b0772fdc14138c09ef9964cf6f7c5302ada60a5dfd99cd8df3cf3d7912,APAZ_a441ef4b6dac2b08
WP_015449154.1,d20fd49e177dfcd99e431f97d0f11a8753257d889bcc516a818256c3313c9d12,APAZ_11a63257ef15567b
WP_015596988.1,8556f9b57ec9e27ec3371aff227dd267729faf0d9ee70dd8a0cf3e80842fa2c0,APAZ_fc71dfe05e49aad1
WP_015664541.1,65b6442e34a0a8deda3e8e4f58ccde5a12a1ead36079aab518ade028ae151e7e,APAZ_e37d88d2f9e5958e
WP_015895834.1,975200c71b357bcd55e54b93cce745e72f9cddd712d06f3143622d3a2574a3b2,APAZ_447c5456f6f06923
WP_016263566.1,30bfdacff5f0252cfe00c73f051a2d083779197652a128e2d4d053e5f157c596,APAZ_66af7f436ceff45b
WP_016278428.1,fd39cddbd40a026a7fdcebd19be42ffe56485ed5fad6418453e64f1bcc4c783a,APAZ_1cfb5007b8c25211
WP_016393047.1,35c2138122ff97f2386a7d537153ebe5663a77d3de3234720aeacbb6b7f3a95a,APAZ_64b03a7a1a1cf1a2
WP_016736429.1,1d52919c6de6f706817f6b9b3cf031db8e561fe8e3c8f0373f056a4e48f758c1,APAZ_304863381d274d80
WP_017454678.1,eebe772bdb8769141749e62ee3b8e3dd74960edbd862690bd3def06a0f22ecfe,APAZ_c66ebf0e22158c50
WP_017505568.1,097408ed05f47479c913f7df9d87dc1ca8cc5ba81dffd08a9812e53e28676fcf,APAZ_26623056970f2218
WP_018005262.1,71ac4ba6b843c7cd00a86e92de5bb13d798932bbb91b3952a9a13ea9036eb771,APAZ_acde0eb1d7d2fc8a
WP_018016394.1,d4354666b4afba9b051b953711c80612ca4f3ad823f70f7d6f870e7c5af5491e,APAZ_d651ed1b6cc412db
WP_018273545.1,d94b2f1824a075be56f53961f5631262893a99eca5fff9057576a29dad4e8e9f,APAZ_54f8e2fb026dc98e
WP_019015671.1,c09b010c90ae51736a8e5ff504dea30450b8bb081b11b4852ee03a166006836d,APAZ_dba00bbb2d13f82b
WP_019960613.1,0378b1affb7550d56b1e70053a36b883a23c3e684d8cd01a6db03a102cf87906,APAZ_368b572e5a36b904
WP_019977020.1,7934f7c357331b79152d22883753c9f7308270551ab0af0ebe49573f2cf058ba,APAZ_8bdc9f4293aa9d9e
WP_020809957.1,29f4816c1ade5b44ca509abd70b5f35598fc8f0cb7d36ef57b138491ec3b32cf,APAZ_d40cec004dcb0a9c
WP_022545094.1,fed66ba87e3a865f5ce79b31a26450ca8b55ef4c1cf721e66fcd21d332915735,APAZ_1e53ba49c8e3f1ed
WP_022727544.1,0008406a215f0140ff7994e3b17a90d459d02f038e15a29ba17f7c33569ace22,APAZ_cdf3c2248bfb1e50
WP_022787370.1,f6656a1cf155222b683eb526cd4d391139baaab4bc857a8414a466ba662ae210,APAZ_6470659e2b2a6099
WP_022842741.1,673aa8e46d33216b6224b2edbee95fbf88e177579f68a4b987f4e40359c74a55,APAZ_1d2042456bb72a1a
WP_023680066.1,c38012405a98b7d7bc04c1ad7fe7ce72ab35cdf0a55dea4422b064ceadc96185,APAZ_13f2fe13fb2844b7
WP_023692463.1,7858943f1cd050da673f3dd96a045a0b2cd82609bba580097556e226901063ac,APAZ_c7b9604a7bcbbf7d
WP_023699068.1,c938443248c95b3b6ed38922eb19077fd9b256331f8f6e3770f8c7f0061e96e3,APAZ_c26a64e47863187f
WP_023727136.1,e0e540da8397572e8abea226538619c1c3f7af5c8f2d535ee4ad8aae36579354,APAZ_fd2635690a3d0152
WP_024740054.1,8b6e095991f93d3f2921b2928d759f4652861201775cf05dbd9ff4648328835b,APAZ_91ead9830ee7377b
WP_024810211.1,25ed3903c8fac32e45040fe3ce65f25f7b17badb88b12c48e8fbf31665732f05,APAZ_655bf87ed910a941
WP_024973836.1,1c73d63c3c8dbc772654becc7a8370db92a34d89543cf871be99ae0d44e0ee68,APAZ_2fb2f3da3b97ce2c
WP_025030983.1,046f91a22fa645641f77546efc35bc1afa8412b45057e6073391603e12cac971,APAZ_1394aa9a31cc9f35
WP_025493197.1,126e8a412edfa1635de134cd5cd092757b675b658ccd844a5afa005bd493949f,APAZ_e2d98f9e08e8d8c4
WP_026042451.1,a5a37a7a39d5b7cf0677533c9d401363835e3fe891a4cfc8249c7679c4dfc710,APAZ_e7e5f5f6ed01f856
WP_026782276.1,e41d18c0576ad1b2bb08ad4ec9610b650fc2fee1958ce944b4d845187b9ea8f9,APAZ_f3d988a13cb6ca98
WP_026808685.1,9cffe9e5f6e131000c27e96dcf616b05579c8516b51bcb1812c1696506bf8a61,APAZ_8466882a4deb1cbb
WP_026932797.1,662300c14552b782b47be7349a658d5803b718f36e56947054c59c95948b58c2,APAZ_67eb007eb3227ad1
WP_027101516.1,a8c4211879f2d96f495356f5af40edbaeebe20d3186e0af0e33dc7ca47c93ab2,APAZ_5069332210c3da36
WP_027160975.1,67cdf9047fcfa79faded7ce812687e68d184d67f897895dc828acf4bf90c2aeb,APAZ_abd16c63e8900aae
WP_027412346.1,8da0acaa83c74bcce4ab0c8e21462cc21ac937078e66eb2bce02eaba0095522c,APAZ_334de62ea9a823be
WP_027853030.1,1319bd4fe9f089ab56f2b565c47224d796a5c0c4a54ff51de01a7861710aa8c2,APAZ_3862fffeb98c28b8
WP_028057923.1,27e153983559d6056e77cd871ad8a02df0350acc8d1d9e881deeb35d33015825,APAZ_1bae91b4c15bc867
WP_028081100.1,be94877de76809b1d6a9670f96f040ec4754cf74d7ffe3d43e3422224eae1987,APAZ_81c80428baf034dc
WP_028095445.1,e3f3425b13761c5b06c9441ce68d7bdfe0b5a85eaf3146b2f1273f720053588e,APAZ_9456f78bedeb92bb
WP_028153625.1,eddac033917447c78e2d194d49c3b0f96586e8ebc0462174f12e529b515e1aec,APAZ_ff6ac628117071db
WP_028337809.1,b14188e5111b30921e8ed25ca04c04d06ddae0f6ec854cd92ffa257d8e79fbf5,APAZ_152263891ba8f4a9
WP_028849834.1,1f521f4143324e66c092389b2443955500f87650949ca3eb04bbf61273dd2397,APAZ_f74a66c97cf26409
WP_029005631.1,056612d0d3b3bfada4902b7d6a8e171d1f411f3721a5a90253cb11eea65fce25,APAZ_a57bca24e5e9981e
WP_029134085.1,95980cadd0371983386d0d29b66ad72f719956610b0b3bc7ff43568b47a5b803,APAZ_a4ada87a9bc5ed07
WP_029193119.1,0268222353bdfb79c1ad347474fcf4facf9400127123d589b199f47955b72deb,APAZ_105569cba2c176c9
WP_030539670.1,a5d086184123cd36a0379903e2ab8a49a34f642b5d31feca08a9a2bf173ac725,APAZ_487c56237b68af13
WP_031452536.1,03a2f16614783c5b5311a00126fbf13a705a38644c79158f92b27d9ef3a3aa27,APAZ_14c1bc5278fbde14
WP_032541222.1,c562f74452f3c6d045d1472150af12cf013f2eef6b180256705eea9449b3cec5,APAZ_a1edd7b81f8ba8f9
WP_033317603.1,df15bc8876223f1b2686cea8c2da4a96c896ce2e2efba8e86a20f8a99bc93a92,APAZ_c32006e4481113a0
WP_034679768.1,6df8c2006ce046fa8e064385b9deb297e94603be7bf1a57721b1cd3edb1ec568,APAZ_55fee246fe9d9bc4
WP_034728376.1,b9c05b1596a539c9b5b8d5f7c31a8711b2aa5a709a6579e075923f5ebfb88dd6,APAZ_6346993704d93107
WP_035240078.1,42c4720c579ebf7816a0e3f3caeb04625beef5bd6eab24760b79efe846d476fa,APAZ_009916e665db9575
WP_035638686.1,af480a6b8fea5ae1129d71f86665823febc8df3cdf713a7a9128eb9f809db735,APAZ_1d77c4d2cd18eefe
WP_035838021.1,500eb5a2708dc5b4dbdf8dd2ef8c392fb3a385dea59a57818eae5caac31e8fda,APAZ_e7029d891c15f63c
WP_036017302.1,e772075b7cf027dbf04133c71ef33990594967759445767e78d4e40f59f799fc,APAZ_309c53f41aef728a
WP_036051529.1,ef414d951ef7d985efb293203080a6f979908849c14a19c197c10ad513273897,APAZ_92307cf5d0cd173a
WP_036212047.1,63ae946dc8cfe2dd64a74dec60e25be2f2968322f385537a94eb4089fc5001cb,APAZ_8d9cc7b1e2a327ba
WP_036267940.1,380d243b24e834250a5e880497952040484155399db76022cbcf8abbfb6900cc,APAZ_b765f89408b2de9a
WP_036284031.1,bd7cad6f8cb714fa1e8d00ed4bf00fb3d1164a079d64bafff062f052bbd7bf6a,APAZ_ac1c2e4ef266eeb3
WP_036632782.1,7575316fcd76d3f150a49f336e086ca7ec35ea501c962137f4ea3dc188388e75,APAZ_3dddb128bdfb4892
WP_036945621.1,8f4126bd823e517fd7088bf3064fc6f8af91ec22231837faf45189b167b60d05,APAZ_66832b9026a2b0a5
WP_037165528.1,a3294f0fbb0668e928908af3d289560a335707aff9c8363a9ba4c25804d3b8cd,APAZ_17ad81049aad5091
WP_037187103.1,ad3f57b18ce6533f4d558fcfb74a33cdd77cd588ec0a633b0aa594ac575429ab,APAZ_8557a0ad92c3e102
WP_037435767.1,e75a843bcc8c16afed173f82307ccf76e6223634685130dae2605dd19ff98242,APAZ_7f89782992e80c5d
WP_037716570.1,8d514c7d289aced9f1e01e34b1c5b2715d5e3c05e6028441dfbb8035700159b8,APAZ_781486d3a6d24c70
WP_038205789.1,1281d0a4008939704f8f6e3edd992aa623a63084ccbaff7aacba2214ce341038,APAZ_04e4dea12ffa4ddd
WP_038943875.1,62a3d7b13204e8e79cbe91f79875f6f5488fb718295009dab6538f30adba863c,APAZ_966f746533818fdd
WP_039858603.1,152a01726414e53910a0600d9e5ef50fa123954adaaefa71c66ea72b8ee38f16,APAZ_178d92bc0f54c4d9
WP_041534907.1,0f9b85e75ec5f072f770849ef89c9ad295d5b72e07c80f6e21af40c15edebd98,APAZ_2b3897e2c8253b25
WP_041864518.1,e1f3e25eea08d8112a4ecfd4b2f533614091674f845d65b54cd93fc888091e2e,APAZ_f6f42fbb10f8cf2f
WP_042087938.1,7337da50dbe8e0d6fca01b3f65ad59083496fe968791a4a3299fe9777eff7764,APAZ_a0e351d9cfc9ec77
WP_042419826.1,accb90a8e7946e0b94fad43fa5ca7cd81d08a0b0246be183475582c23c0ad89f,APAZ_7a80d929f0719edc
WP_042565353.1,bc2ce50cf0b5af147c1a5ffe54451b9ba2c7430aad4122021097603e50ba8238,APAZ_c53ba7c996cff69d
WP_042571950.1,bd318d7e5986d3698dfcaa8c6e4aeddc3ea58b88de4c1e5d2baa0ecd95c05f5e,APAZ_dda318c3945075d5
WP_042619122.1,2116516529da44d28b674b80fb1c704047b2119f407b51ecb89e675e2976c66c,APAZ_137e89401a80c93a
WP_044015994.1,e6456dfdc56d818ee3805f8179b0ed23e4a5b88081e9b454dd2dd2e9c5708448,APAZ_a2a3a56338d7ceb3
WP_044237100.1,14433a72f47fb86874fc53c93ab0f941de2e1448217deb5d2356affc20c49d04,APAZ_85c25129dbb78a60
WP_044272248.1,a5dc999b902f27fedce78368bfeebd48eb3372f7dca5e5f9436b93b6e67e6d85,APAZ_8bb37357eaa535bc
WP_044394680.1,0ca880879ff8bfe100ca31e51d571451038e16905a5990851609603ec05a2c97,APAZ_2adacb1880c646eb
WP_044447509.1,7dfac836e1139248e256366933bb51c9df23b2db2ac3c3fa37221fbfd3e77fec,APAZ_054cb7d3f2773ce6
WP_045057112.1,45b73895ed177834715bb0cb9f24be020b988d0e3d450a84b50dc699059f7bda,APAZ_a290a3897967e4d5
WP_045167303.1,669ed61646765b6547d6a80e89879f80bdc59348958176a4b8b8d1eb83e19eca,APAZ_266933585ef21763
WP_046408756.1,9e4cc43d3db244571f69f4b97fce0ce3b627113b6aed98444c2d819e98bdb13a,APAZ_f44b97f1d7768085
WP_046756489.1,f6aa48bbf8fbf0e0b4fdcc60171914b9c679ddcee205a40919dede2b52a3f7e2,APAZ_34c8ef862aca462a
WP_046846704.1,768de64e6f5f90501bfb1032fb7471240a7e7f55a71486e54b42feee0e1d444c,APAZ_ec8737d353f9cc2f
WP_047468669.1,d8b992061c680a3079acacca3ae7a386fcf58a13bac192783062739a787f49c5,APAZ_4744e3cb5aad7d1c
WP_047479138.1,0ddd7aff239f5099b9644a63b0b7ef5152fe455f83f94e47b131cb2e7f62d631,APAZ_e96679bfc0caa1fb
WP_047564307.1,a441ee5deb0f187c2796daf6c9fd0d03ccae0556472fbc2d49860c94d56814cc,APAZ_5dd13a1d7d852b17
WP_047618202.1,0aeda7d3449058e582e4ca468da17be9179898c28e351801865657460855b896,APAZ_cf73b8d69cbe21f1
WP_048076861.1,e9fcfca1a5209a11e423a66832f6728269d38f7f0bbdfe250f3adcc895659ed9,APAZ_9a638866f5b6845a
WP_048090856.1,2ba07a2c174a8895edc48773968a83a5eb5a2438532078c911f50968fb0f2c94,APAZ_0a98333ab44ce5c6
WP_048500689.1,73c36100aed6ca22e1825e53565266aff722b62e3a41ae2a4ba4401981b3c913,APAZ_ff65583648fc11cd
WP_048755578.1,385106078183ec1ebefa003bf73648f5572e668be9ee63fcf4caaab2448e7193,APAZ_0e6fd86eca18ed02
WP_049284968.1,33a795d0b0249d3fdb7af65dc09b3fbb42b112efe8d6bd0fa9bd1472012e878e,APAZ_2aaf2a22d309dd05
WP_049803085.1,d23abf8875c7786613056344491743353af70c92a4834fccc4b3360c6546c96d,APAZ_92aa82d329e392be
WP_049858702.1,d471dbb6357d18055febea0a91802f79a63cba1cc26ba7be3bcdb27c13483bba,APAZ_3b0643d8a61c9087
WP_049897037.1,aa2133ba2b07a0d5ee2ebf853761ea7332035d0959bcc173508e10520b6e6c48,APAZ_ab74c890ae3c0f94
WP_049906781.1,f8f5731649b2f569a12911e056c1c5bf40776d2048deeedd5d6909e86e8123f5,APAZ_eb5809f8eb30be42
WP_050038598.1,e68724fe79e3ca38fdfe622247554da5b5828f765cf15924a914352cb272a1c0,APAZ_378de102724bccc8
WP_050399989.1,4b5615f82b9d1fc6d47d46c4443ddb6b613d1c0f968a4c6e00842cde0c7fd157,APAZ_79a97cf57af6eb56
WP_050516847.1,a8dbd4e760f164921b8123ca943215fae7183151763432a9a270433e9b83f2a8,APAZ_8fd5ab03eabe816f
WP_050591131.1,7ad7a23aff92e3acc65fa02945e3758ad9efb200fc4c9e39eaa0a9ce80d058af,APAZ_96298c21a7d5aea2
WP_050631536.1,b14188e5111b30921e8ed25ca04c04d06ddae0f6ec854cd92ffa257d8e79fbf5,APAZ_152263891ba8f4a9
WP_050631537.1,b0f414a9fb4dc5ea3ac1af879e790d460f565748744205249281f2dda4da248b,APAZ_d06b530124b44919
WP_050771919.1,2b3cafa88ac9d443353de8c8a7763a8790d969ca911e71f31bc71b5f8bc64fec,APAZ_41bc6be73b47f528
WP_050783877.1,f2c1c8212fc7c48019af712060062bba28c76a0c3a837f44c27f14c871556077,APAZ_d29320a4a6f7b09d
WP_051044811.1,3cebaacde3f39e3298f7ce506af9daba8094eb0a29baa25c5dfa3f8060922b66,APAZ_c508abadcc78690e
WP_051294653.1,2833ecd845ad566f86581eabd2083ae6c95e235249232c3b47b3160cd88c8bcd,APAZ_3158e75527f10004
WP_051443965.1,9c010709f4f6c047e7d8915c3602f4c330e67d571cafcea773724ba9fd448e96,APAZ_8f20a61fe79e09a0
WP_051600234.1,02e05e0db82bd891285dfd2fb98e1238ee9f1d89abbee593a3cd327bb05b226f,APAZ_8f32ce46746d765c
WP_051602527.1,e7e1930f39caf299e35e975fb1cda8e70266837d1e19c5e590f5baf4ed56e3ce,APAZ_38015109c49c70a1
WP_051634474.1,6cfff70e48570316bcb8aa2791c6124163eb3d8e35f3d1e070e3e0538626f107,APAZ_06725f7e86bf2d1e
WP_051677674.1,daeb328bdb1fbcc221f8ee7fe1e9f13bff95e023fe9f05cbc958db0b1c051710,APAZ_d0895981d6287073
WP_051821414.1,bb55d6c75afbc34e39cb6877721969ec293e9757f6749f99eb4c9da32a00d4a5,APAZ_aa0c31395e674b80
WP_051880056.1,fd1969680241b2878cfa0c2f9fce5e6958223a0ecd93b5a2c19bcd7e14db77e3,APAZ_9da9af5577491ef3
WP_051882337.1,11b5a70d86554f99baac0732389e04e95265599216ab9fefdcbb71ba94be58d5,APAZ_6474814cf3278343
WP_052027161.1,e3166e9b7b778683024e47ef16c3c0a3fa7ff12c49629d89f82ab019701f6317,APAZ_2eaedbeab6d0a130
WP_052114702.1,494faf74ab31544b6ca05ccaf62a52ceab1fefab27173202d6c9d177971e9b93,APAZ_55fee246fe9d9bc4
WP_052117900.1,2ba338b64a828258e9ceba547c04ac9fa80387a9f9cd0e8aca82c101359e2c2f,APAZ_a88186d8faf8db9d
WP_052192192.1,94001d7d8ff1d182a43b6a37fd712124a37b23a034cc56de328fff6703890f54,APAZ_07733cf03fc7d206
WP_052259141.1,0e8d174dd5a49cabf32cac3f0df3d373c2f91a7610b81a4c0f378b871fea9bd7,APAZ_8e436a15f85c12c9
WP_052303232.1,6170b06dbe8312794414ccee5f7db8cce206f7fc637c3dbaf9cfe67e2310716f,APAZ_ee09003dc7d6daa2
WP_052494227.1,33b85a2db5681d872f83185959767137a8be167e732aa9edc84b4df3cde8387b,APAZ_2add6869e24d570a
WP_052530012.1,b0e5c6ed7b0c414ed490eb615bfa0ff10357b02d3e4af5bad724bf3c485dfc5a,APAZ_2bd2c116762822ad
WP_052564896.1,843fb93c2deec6bb044feb20caa84784130785d066487f0ac5742b07cffc57a7,APAZ_459d39e5409cf9e7
WP_052744930.1,b113c06e4d680a5989e0fa27330feca88816cfb79ec3522b5479f1d9c806f6ec,APAZ_1d1a928b0072228b
WP_053058140.1,ddfab90d5d149fab68c4ed4b816df81ca9528e9471c79be863e7074ba43ab0a9,APAZ_bc98c6b3739b61f5
WP_053326746.1,613b7e96f9517bcecd9d2c0e19648d823506601d608e03e3f0c68a9916cf5702,APAZ_1b618472bc4e5354
WP_053381025.1,a94fd3d09b650078a09cbaa3d46199091a9e486d60dcc0718ba359da2c172d37,APAZ_6674a72859b40e15
WP_053571900.1,00471f77788eb99a9142afbb2802058c0b50994881a0af248eb6e857b898bc59,APAZ_7f578c996dc5ff9c
WP_054211403.1,d0ca6a093189a9332350882d1b1ba53fce98eb272236e2d0e16beb9b1c1bf8a9,APAZ_837302c55703fe12
WP_054765274.1,41242714c8365ec9cba4106051feaa1302cfcc20c3e3921413e7b35f5f5f8c3c,APAZ_b76d0e9c8f54eee2
WP_055143318.1,286cfc996ab1669ed555bbbfec770ed29f6c17fa1d1c77f61d68699a6daada53,APAZ_f1ee664c91689220
WP_056034460.1,b0f809c26b108a709fe0b802476136e140cd26628edc05968da375e5e05f4da8,APAZ_a55d52f1cba720d3
WP_056152149.1,c50e71c2d6cc86cea44f381b28527f0975881456a6e07021642638801d031b71,APAZ_512acd8751d288ab
WP_056160041.1,7fece11cec5996dace1a9259be5e836e8b85325954b4de7cc3ec157ce7c97453,APAZ_bb9cf377f0bb44ac
WP_056186121.1,8bdb2efc415b9c6d85b708d24c2507871fec496ffdf1c6ca13d7db97d70ae619,APAZ_53413fec42732411
WP_056209640.1,b3a3237c0be0a8e1a65b69729d870a894036d6a44cd8558213cbc2e16f793a33,APAZ_9f49158ff38d1336
WP_056495443.1,831886462a57f9019ff7b5d3ab95f0062638b2e7d01c1d37508237516f7bef1d,APAZ_5e33d1db0dd40cc2
WP_056695931.1,d2e04125028e83788ada39d3bae13d5cbe796b3e610b9b35724ab5e71da81115,APAZ_74526d66c66ccf0b
WP_057026385.1,d16195dcd468383d7f781fa6cf7555bcb6ac64a549e5abb1195aa87471300c0d,APAZ_7cb89eff30e04fdb
WP_057221537.1,4a6677146b43c2dba885bee9661fde9f4722040287f1b70b5a6a59223b11aa81,APAZ_810950de44d62ba6
WP_057482737.1,da251bae401620fdaa04406228ee70262e87d5ff1c0bc30a1e3c9509156351c8,APAZ_096fcc0c4bb75d84
WP_057834160.1,e5d0a9706dbdef506d6b67d1ba1e5ced0cd91300b45c69db4305a9d590a86af6,APAZ_9daa530ed6965253
WP_058745238.1,a357cb6a7df531bcd28f246719e41aa6c0b98e95bdc7566ca55e08273de90957,APAZ_1f4d8c8dc2614b82
WP_059000176.1,3cf1122fd6a513afafde46ec46b4ee95832bfc1d334b5b9c39a86cc8d0208742,APAZ_0b72ea0215ab1516
WP_059401471.1,56eca1298fcf6618a1cfc438e58c946fe67f5485cf8a5c7911e6e05a7ea2dc50,APAZ_c5aa466f6046712b
WP_059622937.1,6824426eb7ddffde2a30d80fdd27066e74679c087932464434efbafaec68bf26,APAZ_765d98427657c9e3
WP_059945304.1,595ccf927097635497429249638c1f6a6f0f37ea69f0600013a3544d3075d13c,APAZ_2865cc50b285bb9f
WP_059982501.1,f3375214c3fdf8bc280b86ff80d9b4a45fb7b1b2adcdeef05fcfce019dd67aba,APAZ_ccba0d49cf49eb85
WP_060847086.1,0208a4c4ed12213fff0fe1c50af0607afe0bf077d9d97e8d3e6f840bee68351c,APAZ_4bac6413811cbc58
WP_061048384.1,8cad4a02399bf7762213afd5158388d9de720a72c2d7258271de60295a4cca88,APAZ_b4cf4dc9b49b5c0d
WP_061078947.1,3152d1d4e8ebb6e9ec6997ce8a78cf4b18f7d58d5417b02fafcf1723e19f060e,APAZ_d7dea904ac353ff0
WP_061535229.1,d28b6a4f7e52bce9304145d0049b1337cae7dc9aa67de10fb759cf0eb76c028f,APAZ_481f4c7388a2f4c8
WP_061934617.1,2a78380419e3888a90ed0ff4d3a6f704bae4d6ff55c2d3f8120dae9babd0a6de,APAZ_3f423b2f4b1cd3df
WP_061958301.1,9a19c93d95c5f16a5cfac21d49d61f23468faf3abefb289f0d715ec73ababf5a,APAZ_e492c46eca4f0d69
WP_062341847.1,ee9b9b30d900509cae6fd3f77b21ab426890d6a3d9c4e1a8f2c209d6643026e6,APAZ_960daa4665f37f43
WP_062365449.1,8380bffd84d753a8ecc7f81ba0681db7616dea659d2ce1150e1aecf119d6abcb,APAZ_f249c39439992d5a
WP_062419304.1,de7fbd9015456b0d6b7fdaef519af14e223c9b7db97e3abfaa27ccc515abd99f,APAZ_7b76877081e7c2b7
WP_062486946.1,5d43a55f68ae8d51b923562a759944fbd1c5912fedd931153ee4434c22734d9e,APAZ_179411b28c4685fc
WP_062547850.1,801d8b18f674d49d26464302848f267cfd564674c18303d503838c6e5a3275d0,APAZ_f83c143894408338
WP_062680196.1,694969965e774f5979abc66064ed58910bdb801a4119c591ea1cee3dad540b02,APAZ_77a80a62d4c4d4bd
WP_062785679.1,1f8a5d121b9cc40af3ec8db1ec70ba1f957b6088c60e78acff7e99247cb9cc11,APAZ_6165254ada150f58
WP_063002581.1,22127d900c1486891ee800afe013e40e24c7b31b3d6f8694d35120e7601a1901,APAZ_3dd4a7deab2da4c1
WP_064102550.1,c8fcb3f75961ac7dc0e2c631b52415e023d42a8c4aa6e1a373ab743b54509e13,APAZ_31c982f34c71d794
WP_064304386.1,42f585464a4c603a13cddd7ca3cef1990a8c19ecb01550885d0d7c40178b86d6,APAZ_3281f6cc02834141
WP_064665416.1,3195307c0de6e7197fc1142c671081c7de8cfaf95b0043f025a91142eede558b,APAZ_eab41b1ec96bd9cd
WP_064683281.1,4c53c73042b62e7a346d74591e7630f89e058f9d7642cb604c54897ce6633a96,APAZ_051f34af8136775f
WP_064790849.1,d53b3c7b302c5d3f2a0839434e387aebe8a086224e79c40af4e2ee35769c3cc5,APAZ_6346b21f05f9f707
WP_064816696.1,7a26f3f8fa6e69ee169c76de2dd855c29236be090f5f4ab4483a8534f940cac6,APAZ_4edeb07a15724aeb
WP_064835082.1,6f98407e49236b283812fd25fd32891a0dd0246cc46ae7e42c5e23bf946f2aea,APAZ_f5a9b4911d36f61b
WP_065006787.1,0d57519630e0ff67ee2247b081151689378fbcdc4494cc3cba8397779899ef9a,APAZ_43a7f1b884d4290c
WP_065010823.1,deeb39e855607ab8548435c41ba499938aec903ef0022c648307b01c705afcb9,APAZ_28fe2c5344647160
WP_065137571.1,83450150bf41ab724c2558467fa150090d542774c2fedb90153ae8e01242948f,APAZ_e759d96808830053
WP_065578027.1,1135118e943410b55a095409b69931ec9af21f742e5ae88f4cfc5ba6456c8df6,APAZ_7f3d47ca01f80c3e
WP_065656395.1,11eaaf29402c4592997981b347844eef5eef1c563df8bc2928ce29abcedae666,APAZ_b6eb1fdef86a66fe
WP_065664090.1,988c780efb981ecfa8fff1dfa060f65815d55709a9f4c5ffaba3f81dfa66ef34,APAZ_f9dff99590df7f8f
WP_065998852.1,cb9caf47c589d0085f1a8a041afa942673eed42dc55e6ee5a2a3ee4b8462e162,APAZ_e50b6a10c7257d4b
WP_066514273.1,3adc4655c93f9f399114b77c24f9f629bb3b51f5318cda08c71511cd1840aa31,APAZ_6bbc5378bf86739f
WP_066752989.1,16c681cc009524c332dc33f7027b6ab9a6ceaff8c3f3b568bca4348446c78e1a,APAZ_420ca9a6d3eb9d69
WP_066802957.1,6fcc4daff38cb134df9eff746589370da04f6b7d6d60d5f4ef8e54e55fcdb615,APAZ_c9ae019514387151
WP_067325608.1,59b7e4e33e06c456f9d26e8d3cf7959df73649f34408acfd27fea59e2924968d,APAZ_abd16c63e8900aae
WP_067673142.1,a3762758cd2d047d3e168d4cd8f7e00e6ca7da2b616504e956cbeca7fa51064a,APAZ_43c0921f7c3b2241
WP_067696367.1,86a358b5b2b4c97222a106791d707f10138dfb21ee145c538d9dce9f5d1e365a,APAZ_d59bdfbc0623db3c
WP_067969880.1,f057f1bb1758d9d432a9d75755b18b4bc6e46293f38bfcd45034d13e16ddaff0,APAZ_eaddadeedd3510eb
WP_068017268.1,c244ba2e34b9919912001cafa7cb51b6377f86b27e78eee4e5f1ac3bd2155625,APAZ_7de37d6e58feb0de
WP_068094658.1,42ed8722067b02c3c1b73c3b97ba4092397eb2155cf5e084c823ae3ff86cba54,APAZ_126a37fb492e5ce6
WP_068133588.1,8f5a404bdfb7a80d2a1398564d077dacac44bd7c34d92fe02c840cd3866270dd,APAZ_ffe08bf00ee300bf
WP_068185907.1,c89c4fabf53c7dc8d316aa0d7bb23a02383975f8b1f664ceaa3e3c4b4d09b06a,APAZ_2dd4df0a67384ace
WP_068222132.1,9449839533c3d59f89bab2cbc46b2e841464fce3d8eadf4a0287cd52b7844db7,APAZ_26b798b986c5c14b
WP_068768974.1,0ea6a9894acce92305b8c24f653da06838f65c181c549d36809308c60046f72f,APAZ_90013c5269cba826
WP_068818385.1,c12c3b184ae9c8bc02fc6cbf638153ea0d5e0bd25c6f3be443eddfc5c991724c,APAZ_5df3cb956e233c8d
WP_068847673.1,e7899b8959a43b97d575d69b752699c7222476581b085933b141c6cc00070200,APAZ_d0a40fe52b2c04a7
WP_069020256.1,081f915cb563467113e9aa837e97c10738fcd542e4a5519a41bcb0e90bf74a10,APAZ_4750ec70fff54465
WP_069707909.1,144b640ec4849d04599c21fc2b06c4c5841ffcda800a65a91ccd73b5ae1d21d1,APAZ_45e122f19a2cd3da
WP_070666720.1,39093e209246a6572983a2496b1c127f9d4ae5c2dfb71efd82afb4c8cd920c34,APAZ_7cd8ba1f238c05c0
WP_071098581.1,a312d9a9d9f685704c1a085226ece22d7a1275e12d2b520aab7526f9b038a727,APAZ_1d1a928b0072228b
WP_071145652.1,0c984c79eb20360f500d731ffb15177348843ae1684811174e0e2e163fd13982,APAZ_c3b82e97008bf293
WP_071240727.1,b2607227d9fc679a757f6788bf796746b47af8fa981c0899b71f5e172cd3c626,APAZ_3fe080c92783f699
WP_071507486.1,146a9f1644322115fbf71caf2554e822cca762a4482b14d80dd96fb544dbe7d4,APAZ_9c0c0e38ee4ce37a
WP_071970084.1,bd9304ce6430f5ee3e84db8314035721d17ba797892fe0a410c0e08bc3725acd,APAZ_13cdf37900688226
WP_071980017.1,6b92db36c21c8085034ae22436efd6fb062bec544b0dd541c666b62681c13446,APAZ_5c42e1ebb65b827b
WP_072017557.1,7bc3c88d595225690205f80684b882728ed723d345369821c5352b2db9a3a66b,APAZ_b87a7cffd402a48b
WP_072559535.1,001e64ac825389fc94238a5bbb73eb841323b160bf3d2a05ff8b14e69f12c6fc,APAZ_488030e024f451ff
WP_072766083.1,053eab391ba7d822bda7ba2839ada486f13a8b4cce675392b01d0063757ca72a,APAZ_6e287c5dd9d7f097
WP_072995904.1,7dd996dbea8cc3aefc67bb36e5fabf273b7c868def2c37cb934ee7ebffc21288,APAZ_3814b16d620889c2
WP_073035593.1,4d5e0c9e3ac7b7bda8ef8c1546c291383a4efe714522abf1c960d8608f3ee1d6,APAZ_8d5a919ec4fa632d
WP_073067332.1,6c2863fa8afc65e8b1b076f034ccd58a647205ce95264211f397b476274af0cb,APAZ_c0d1833dc58b3d89
WP_073099040.1,8d8f065d44b7b10b67601d4298f2c2793f7b600b731a1db9d0dc773e45a18c6f,APAZ_dbccf25428b5b01a
WP_073132933.1,99d78b6219f79b53a8d061f7a706581a877420360549bde996e05fe5b5505439,APAZ_1de07bcaaa948c50
WP_073243758.1,bbc23a7ac738952c671d3e1aa8563897f31573747f9101a2c74b99cf6f2d7f2f,APAZ_e04c49458623efaa
WP_073365442.1,0215f4abe8fe8a38f7c2cf0790c6698cfca1e05c8b15d9a486712b558a3a4b70,APAZ_72538dd255b410d7
WP_073409929.1,5b45af868a74643f44a64bb98c7168083e92443d5ac47082751ebdd764ee5e6d,APAZ_4edcb51f007d5c8c
WP_073904454.1,85953985774ee88e45d1ce2c30a01e44ccf0eaba5ba7f013111e81dfa2bfd603,APAZ_2b555ef1b702679f
WP_074121857.1,c7a69ff83aca76c57e664483990d9369c6f17f75618c13b11abb267fb040e49a,APAZ_cc880ce9eac7b631
WP_074129929.1,ad4e5d732c67492b55757791a4045becdab955110daed8326d883d35d1043862,APAZ_f53418c2f1ff61f5
WP_074343878.1,5ad89828c1f87dfe0e02ce87490b20c5dae2c7b1f17a9453c5627feb3fc63c72,APAZ_2fd879fe1dd530d4
WP_074487307.1,c37956c6af642cf2381ea6cb65085cba6d5834d0f1c3bd65523c8b3c0ab51d00,APAZ_52e7c787f4c2d916
WP_074793583.1,b41af253e060e3f0ca6f24abf40a64d91b9e6096dc50b49b629fa5942b4abd7c,APAZ_28944cb528dbfac7
WP_075061401.1,30a01dc93f186cdf672cf2db4abd69e119ffc6b1cdec72cae157c52e0536b287,APAZ_d36abb3c973ed790
WP_075285887.1,5b7700cc5edbe0df3529350426e98962db9f3fe2d4e34b264f3d8d932a1b19c0,APAZ_8e436a15f85c12c9
WP_075628770.1,453c0f80605b58a7cdfb7b9ad3a934d5cda09f3d40d89c2d55e8652993c7bea5,APAZ_ff8c6197684c313e
WP_075634050.1,f707ebe119c526ec63b649d52b3ef56b3a521a10041cc2474de1b73ce13ed3dc,APAZ_5f69b5289d83fbda
WP_075793711.1,a57774c33940080473279a8d0bbf34d79a1c4b37155ad9805f0d4e8e88bcbf4c,APAZ_fb9721c0d5f7eb42
WP_077230992.1,a8a8936c4601227eb4bab08f7e17a3165f5822490d9d8a8d4868cb191d58bdbc,APAZ_b0d47a400a3f7653
WP_077292092.1,7eb3d7b43651e4d81a0c468dba53e952ec0498fc51fe12be2c3e6d8bb15010ca,APAZ_a6237c76f7f4caac
WP_077293451.1,fee0e4f048781278335476be25859db580978c08f0d369db68acc1724282c1ca,APAZ_534af5f9846fee74
WP_077684787.1,a82ba73788608da4f300cf31bbcbea2c802ebbca649da1b19e13d44f3ee1cde0,APAZ_a8766291c813d7a1
WP_078056299.1,c5a939e0d28a481fde803f028136d535cbae5993a0eb0d04dcbf2bf025c0f2ac,APAZ_0f77fcbcf676af35
WP_078366926.1,1da854161ba42305b0aeb6947098332e6169b91ffb9c14926d005d8b0e7966fc,APAZ_7a686cf3bc23bfcf
WP_078792595.1,f9899c73b28aa41750442230864195c4f2cc479ed32bb3d7e56b1f0e20e0f5f1,APAZ_6a14d48ece6e6745
WP_078813596.1,510b0f79950aa188094242ffb9bb57f46c63307b2f13131f8e321d5625804826,APAZ_19ab78f5bd857d23
WP_078814669.1,c056318e647b56f24b11902c80d0ce2904aa3d5335e03942db687cb5e6c213bc,APAZ_5d96662524790b14
WP_079392070.1,9bc1d861e6676f8692ede635f77fe0a15b34e4d5bfec1ed53bd1ecd13c9514e2,APAZ_6278fbac8bfc4f3d
WP_079605750.1,4b0379459a62456cc1a08cadd9f8a5e99a7bc4c3fd6dac039a1252fd20973a74,APAZ_f6e479c0017e860e
WP_079685319.1,b1366c4c7f39c7e1f97342ca73a5687c09d733589990c18124e0d98a431a8e1e,APAZ_d1bd2269e885ee8a
WP_079731542.1,9b94af51fb7575e081dc509718a741fc39446a368b29e51cf1a4f7a8a4ac67f6,APAZ_1fba07ce1bce1356
WP_079791392.1,5945bab1c4d5f6111c4f691f92c6b7a2a73808bd7a84c1ee20bc6149f571c6df,APAZ_3d88afc93a1932bb
WP_080522385.1,f4bdd5dda5a20ebbd8127ad81b0de50c01833f6acad091db4b02f5b2e3455c85,APAZ_a9a07e41f75c3ea3
WP_080574728.1,d8abf6ced893d06562a4076a8de822eba5dafca4d100f8035f3692d5ef98b910,APAZ_a0810cc3c646900c
WP_080700186.1,deb496566804dabaf6fe6a8915b714cc0dea9a255ac1d4a2abe6ff90fd0b52fa,APAZ_58731b148ea00904
WP_080801769.1,6a45e224d08ff8166bcfcfe58c0544c39cbc5585f13a4b1ff80b1121195ad308,APAZ_47991a2127a26b9c
WP_080810443.1,315effbf2956000a509bf755c4d57b456a408f42266b08617a8d0a9dfa693ce7,APAZ_09e498184bbc7768
WP_080811272.1,bd3a1108aa9421a794302e98650d38136cb2d672bd41e0791b1e696122daede5,APAZ_b450257d31e65758
WP_080826259.1,7848b69e549fd1b286d61ff3f091515d1c6892140e1116dfb9b4135e06ed33f4,APAZ_922b471c5b1fa8b4
WP_080902475.1,be44757ea61f268a3e6a254e2a7b8fccb2f341aee76ac474951d5bbac813adcf,APAZ_84518391a2f43786
WP_081000780.1,7175b02beae53d8ca5c18af788ee1aff9a62533117597388b20a820abfb63f22,APAZ_b4b1a02e1aedc46a
WP_081147616.1,caf4b018920fb7acbbcec5cf944433cd48974342997e0109ec6a520dc583e71c,APAZ_601a5372f5b6887a
WP_081215336.1,bef5418be895c35218bda1e0cb79b78535791d0bd3fff856e254cefca4d5a417,APAZ_36ef2459ea6f8d27
WP_081295619.1,ffcd0e6bac53e151faad737935b920d7a0984b700d3a4e1019c6e001a06ad9d9,APAZ_cf91ce58497aef11
WP_081435115.1,766e0f7b8a3cbe2717c3549fa5c77e3339f0a92275663fc34ed095ff9f782b15,APAZ_8b5aa851cd58b75f
WP_081441952.1,cc072950fb903b4fb8d2d5a918803d642f0d6e1e87277f39a70dcab895add291,APAZ_e7786d6030dbf259
WP_081444939.1,256377090a9cedf383286145d8eb14a0389b1957e3a308d3924d349f67a85009,APAZ_1e0da772173d098c
WP_081624727.1,adf28e7e579a54d6bb73a3d7f9dede89341ac336cf3ee023175ddadb03d8d576,APAZ_622dd722188c6d8f
WP_081684175.1,7aaf9a7aeaa9359ba7e11ae7c3edc99ae9a80dc3770fd56026d908bd3b522319,APAZ_a8766291c813d7a1
WP_081705202.1,763cf835f5b98e067e0000977edba1e06d17c98c7ccfa35e543e24a6628b285d,APAZ_b475c1d0595b9af0
WP_081730962.1,11ddef5841cc00578e38efcb22fe68824b71f45c0b6287d01d944ac29798bd73,APAZ_ba50ffbd361ca3f3
WP_081743200.1,e4f2722119d959dc31f6f9d7ecfa9c1d1aa1987b3ff6ebcad15af1ca57b9926c,APAZ_d0d91a6490debdbc
WP_081852774.1,965f9ce2101c9e8ca6b41bd05ce9f6f047d82c61b7e6535b2d3d305e96f87ec7,APAZ_98ec33d024d06bd5
WP_081903350.1,60dba57fbdae59480233e0fb8eb7a05608c8eafddaf440b037fc3432faeeaa0e,APAZ_3de1ca0ed097bf40
WP_081912819.1,ab3187128d9d22cf71810521d3c4ad3ab547353588b4c9eef70e36e098d43ea5,APAZ_36ef2459ea6f8d27
WP_082096051.1,6937937f2255672c4b5dd40b4f8006bdeeb092efffecba1cd0bea753dd7eecca,APAZ_30b6d179f3746b7f
WP_082340617.1,89ccb648a2dca4d2b9746d915d0815df657127db7ba9cd3b0783ae4e3bd40d87,APAZ_072fc17e0a703000
WP_082442752.1,18ed3310b5c14ae7eaf882da65fcc1260704632c910fa2648ff8a3495cc520f3,APAZ_fa50c14f54833d83
WP_082469977.1,da2d257547a15402bbe4d98c9d89abaaab00712167a4ef18fc4154ec3d61ffc4,APAZ_b5f4b50bbee9c44e
WP_082549597.1,80edfb529cb4416727d09204e15b7f838ead76b4895d4a5443a3a8edd614c1a3,APAZ_bd6a1c5b7a2042f8
WP_082576376.1,eb19816f6501632ccad6215a332e0532f3f6c72a9b8c141c4af8a31ad25344b0,APAZ_4c9754a515119c10
WP_082657619.1,17bdd9ea91ba386aeae00c9e6c68183734d82c467dec9113efb51844784fb353,APAZ_a9302b1417adc2b8
WP_082670027.1,f19e9cdb552ea1948ce050c4a28104818106137ed5cc7c50ce59fd5818dff874,APAZ_f166615ae41c7336
WP_082722381.1,7bf1651cfa34d97e5282d172d0d2999f036c759b2dd77227eb6ee1f957a3d9e2,APAZ_136a76b17031d9d2
WP_082731713.1,cf35ff9a82eebb09e40009e96ee028fad7fbf807bc12c04b6d626950dd1c0757,APAZ_b0de8bba10f70396
WP_082738120.1,f791706e317312fca34d7315a761d39b3b1d0b924e5280c7a7f9ee5bdd52fc7b,APAZ_9b1058fdbbd3418c
WP_082755986.1,cab90bc15e73f8ec636f2a0938b7895c01bf879ee5c41e78fe9a9c68be7cc03f,APAZ_b3bd542599c0e0a5
WP_082795034.1,fdaf06e3b6271f89871300ae9d28b59aec292a653a1d7c4777380ab2bb58d36c,APAZ_a61ddd9395487ec0
WP_082822067.1,edd2de8b0b91828b7aa5d1d617ea789c3703a019356962c3897d21067a4fd60a,APAZ_526d27554c81fa78
WP_082932868.1,5442654987594b6ea4c4b1e4f36e46b6ee6dd429ae4f38f1f87d80d606882f9a,APAZ_b4b1a02e1aedc46a
WP_083240732.1,427b29666cb6ac53a988e6969bc2652d37ca2e28f6a960a8dc42c3721bec5355,APAZ_f3d4f7b7e7c4e4ba
WP_083473000.1,01095e59672745705089c0de703617a12be8ddc464a01221d717ccabc10a2dc9,APAZ_3ff979dbd67fde7b
WP_083509781.1,afd02117eb4b387de8ad855993f351499ac824123492ea048b624a243d97d3d4,APAZ_2ab6b3e4c966c30d
WP_083592922.1,0e79b05c1ead6d69dd6cae502702b05447e497d7c070721fcc20c967f7e8e0b4,APAZ_673d9cd2be862215
WP_083637046.1,e793e2b4627909af8bcb54b7eb41ffe066fcec5b52b8ab804b73f8633090ab75,APAZ_f12dd7096c5ef915
WP_083657918.1,abda230e14d6f60a8efc4d11bc0b95446337b6773a499ddc70b04b68b194cea0,APAZ_23c657c34a20a57c
WP_083716755.1,f98f566f2f4f63b5c8763c59d7411be8a4d08149d4e2cdd11180bfb0ca41294c,APAZ_78ed568d1b06b7a6
WP_083779632.1,31ad84f89998ad1bd2ca7eaa889a70f24463f8997b3942df40e135100746d313,APAZ_c07a59d412456be9
WP_083808461.1,1d2d43023dd56233d1367a199f8d9ae74079ea6eaa60ed5d11f3a77b54200b3b,APAZ_040cb41cd46f6bc3
WP_083808707.1,cc2ec16898e97bd4d7cb18ce3ed0b455e309efa72d3caaccbac028b097ef9d13,APAZ_6de4f0f1e6e5955d
WP_083869695.1,f9ae1c519ed9d86d5260e9f300c1d36db6a5828c49cb434051b1b2693ff78d26,APAZ_ddf5345795901fd8
WP_083871010.1,52b9fc2db9b000ee3ed44a3502d59b0bbd967bb9fb623cd3fe0d39bb66040afd,APAZ_92f875761929d670
WP_083942961.1,914eb02ac130bc78be3ba5e56cd391f09c22910cddd9d407453c20878e1b7d82,APAZ_6165254ada150f58
WP_083960493.1,da169088e9a8d743d5c8d47f0fd607d084336de90d660f319d59ed3443854aa1,APAZ_5254aa1cf4c7cc1b
WP_083991981.1,5b296e1aef2835747875412b129a36cd6dbcb6c8c5a973f69a2142a87c93cdda,APAZ_aa262a76428d232b
WP_084182446.1,bcdce733f4b85edf602b36346bd6f6120fc0cf2bddccecc094b6c6113599dc4a,APAZ_d6ef189fc0e86222
WP_084218942.1,06bb3a8ce74791a55edfdd4dd8859d65b2e4c2c5e9b7d069a39a18df5efc4d5c,APAZ_c5e49082999581a0
WP_084234542.1,391a9ade1be0b22a4c7395e5b1030588853e1b3a08a19ec1ed6bb2845932135c,APAZ_e0d843ab56fc4eff
WP_084375251.1,b638d15c095172ef5c2cf92bc06f6c79cda831bb0b641483a6f36b65ed803a93,APAZ_b394db6ee15958e6
WP_084462763.1,b8f4955af304978ed56dfe63f40840caa63673a44d301ec2d07c18ebd64cc17b,APAZ_40d15f324fe3c370
WP_084467687.1,cc27d59138b8519958844c59ddb89bdf29d1c6e99f6b1633a2b36f60ec3bae6c,APAZ_8abdd731ea1dde51
WP_084522028.1,39ee240ea022d7c5b45bc2e1d61c5f691643cad876fbd52f476506060952f253,APAZ_669d9b211add4f37
WP_084600957.1,ab0bdb6001833a5318a3c7d4b1960242a5099e52b832bf28931d16ecc2e6b0bd,APAZ_f9ab09894a25a2dd
WP_084625517.1,cd5a66d002233730c9603978f2db8809863e8579f506e491b25b57b40b9bdab0,APAZ_178d92bc0f54c4d9
WP_084685017.1,0dc3dfac5db2b194557c6081c12383d0183d9b1f9d7d9f47fe67c0abaa1c9e66,APAZ_dc1096b8d9b0805e
WP_085350364.1,9c29580229a859171fa7ce8f2c991e50b45dcdce4fb3973179cb08b847f77605,APAZ_d5b0d5169f482818
WP_085474560.1,ca5380bcbbaded55df44aa9f768e5bcee89ebdd874587b420d5dfa299d048e8e,APAZ_745d60f2beb62f23
WP_085482892.1,944384c876c6d6efcd937d314f96cefa41c8bfb52c83689acb72ec2eee50ad7c,APAZ_846470d2e0d2451b
WP_085773725.1,769339eff6f754b94c7e2ce0a69c78e089c63bbbf973f95df660d0021995fb40,APAZ_a0c3b766017b3468
WP_085809851.1,5a4c1365d52aa399599323fa7f15643c77f3541b60df0995e7331cbbd14fe8a1,APAZ_6af28f2b44be490b
WP_085870580.1,01ff9c102dca3a82ddd9ab044face973d0b662a52ce17a2904cd119f9635b11b,APAZ_3d0e97d983d1a7a9
WP_085933358.1,c94d8be4a6c5676e0c5999688b54e9e6232264012c5a93842a07667349fb2c59,APAZ_a00d3d727c91aba6
WP_085936213.1,10efb76ea4c3461425dda3b10ce16a84c2a66bf5861bee4f4ea9b19ce85742ba,APAZ_8e6d1300880ad490
WP_085937812.1,9bae6d8a2a772af6253c07bbe4c36420c37ce7098bc93cdf5e52df94fe96a330,APAZ_5dae00865da72bb6
WP_085984230.1,13942cece1e577cfb8b356570fa1cbf47010c86d26b9662069bd8bd1d657d478,APAZ_b2c9d53e5dfdc8ef
WP_087252836.1,f0ff959de77e2c932906e7858f68d5bb2604bccc48ea77ff4595dd81901098e3,APAZ_291e2216100525a6
WP_087287470.1,18be7bd25f77a0558200a2b21f0abd6fbb561a627e4eb991f4354fd4539a4487,APAZ_8b09f9f7d009c36a
WP_087292483.1,9f6404c1f941bca3a51629023a4e48b305af3c954d75c71260f6c365b3add8fa,APAZ_21af9d4642a4df67
WP_087337819.1,2b919972ba21e151445c666e40d25e5b0624da62c5c7630dd6168fb6e5ef155d,APAZ_db56ed71c60514eb
WP_087406053.1,d893290a1f820675f6729b5c662e387bfe901c1c9c2961ab97a090fdf15a4e59,APAZ_e9ccd7d222fae623
WP_087738802.1,988bc5387924c26a446b89a74f7a3cf082775865f567d6ece966e28765902007,APAZ_89c417d6d67808cb
WP_088201561.1,f2db70cf4bee95dd9597a150765ce5dc3c246342a54712468a278ef81de1847a,APAZ_eb9f17d5d0de91d4
WP_088492884.1,61c4c608127f76048729d4b0e45f0c75a602bc7d233c9492001df957eb1ee3fe,APAZ_e2b1ab911bdeffc2
WP_088664285.1,3b16027d5b93d5a075675b3f0abfbb7aa7346d824a2ef81b365184cb40ca4064,APAZ_690df67508ab9a77
WP_088892393.1,59b1e69c17f1f17f2d4c7b4f8a9bd490f71223fc46288059ad477d7454052870,APAZ_01bc01ba02b6f60f
WP_089318528.1,8000b26b44ae373e28224d42af45c83a10450019e816821d4f14f1a59041e8e8,APAZ_80fd84205885b554
WP_089334214.1,2d28dff7d88886611103aa3462feb74f866bcc64bc99b0439d9752880dbcb67d,APAZ_f0ae7d13795e5de1
WP_089355802.1,175d52d9b00dd7b58d5c213806350c66fd3a976f744d22b6775cd51096a70a70,APAZ_4c09a8c7c2a340ef
WP_089457547.1,2dc3e404be2b870037523d830c77b2b5d44304a5f77ae93a6b1bca68a4466d72,APAZ_2865cc50b285bb9f
WP_089699120.1,814c7a3bf4f5cb0465894274faf86538dc16034add505c72f428405bbe151861,APAZ_084a67f340c58139
WP_089761443.1,6bd0179e960a8a6ed9a7d4aef8e688a5f3ea98ebd6b1696b0fc7abe70ed42629,APAZ_538b4ae8c3bd3b8a
WP_089769862.1,2b9a0ddddd7b1e83f98b810098dbfe2b31b99fdf90bfd8601d816e7888d2c603,APAZ_b4c387c46beef82a
WP_090072629.1,58416e99eed41788bb09839687de09fb8af10028f53409b65ce1c1f61ccad09b,APAZ_d1b985db12c66db6
WP_090227846.1,1ffe5cb387a855e51e7173c3dfccb6ebfd562ef10e48bfbf8ba56e56e27241fa,APAZ_dcc0f27a76b369f1
WP_090270687.1,1073abb1e3c47e87f412626e45b928265e2df5913966aabc1e59e1846d0be83d,APAZ_2b96cd87984465f4
WP_090603244.1,8b0be27abf0fbfba149acfedd8f4ae58e10290bd3f60cb86338880ba71e77209,APAZ_9af05f6a01edc5f5
WP_090624110.1,86d8d8e08408c73f73b4320b77eb3e939b4362a019c596d4f3399d630fb8ac3e,APAZ_0e5a841267a85668
WP_090828645.1,00b317ad829d0aee9dc8cef8b2f33427a149c1d41a1fec411f457132da293eb4,APAZ_383d3b7c01347b3d
WP_090997603.1,ea0feebf796b130032cd455e52a281d56698245831cac7d9f02e3fe7391f27a8,APAZ_ab2314a5397c7975
WP_091126757.1,ebef3a489c41fc39ab278522b558bb3ff67468b826d34acdd862a8509ea8184e,APAZ_d4ef5dd0430d4f0c
WP_091133619.1,5d7cccffc16ed5280e256942897e481611cb00e39daf0b5c624332eb85988de4,APAZ_d836a1454a6b4d51
WP_091170676.1,02b6c6b2d4552ff0e0749dff8fa8827077a49cf64880b1e3735e77a3106be3b8,APAZ_d092ff7a1b80bd83
WP_091379109.1,34e896ef2ff7617bf9281f8c630b1909e1dd496993b108dbf53f4a6fb7154b09,APAZ_7a635ee073aaaa72
WP_091471579.1,cf2abde1b0d44020ab8d2059b68e4fa8b2558beadbae64af5be4de6fbb5e2ce5,APAZ_a59ce32be1f0accc
WP_091516911.1,03db6547792661d58b70be37eb7c0a1f5f494458489f79007436aea007299c6e,APAZ_7986ecae651ee069
WP_091535647.1,d90a53bffe55fefa5f73c73c328b96372aa3731d995c40c0fc5481affa637586,APAZ_ff31ac661741d00f
WP_091639649.1,a08b9b8a7304e1a48b4bc0a4cbd7da767f62cf9a3cbc341436c0006c385be7a4,APAZ_3de1ca0ed097bf40
WP_091781164.1,8a63096ec98c6d8860649047839a7f42e6217480f254ad916d845306bf0323cf,APAZ_c3aa9d8a43b3fa4b
WP_091963790.1,b1114e93662cb5fed05ec1a72758af6dae3120e3782b92a3d4981f538e80aa34,APAZ_2daf7e4eca8f09a4
WP_091963848.1,071fcd404e594ff58702a405cb9623d668fa8aa981aefb6655931d0489cf036e,APAZ_79a97cf57af6eb56
WP_091979223.1,1a81238cc8ff81137e8edb0e20bc80d8849d77b70ea4e23ac7a50764e8c6708b,APAZ_5dafd88555c78e3a
WP_092021235.1,32a60f37a4e37f7452d025e2fbe7fa9ded74bc761a27e98a20c54986b8f04fba,APAZ_f1827985c8e1bb78
WP_092033621.1,6c865101fe9706dc835ea043c47405d5a6e485fbab3365e28ce9fe7f4519920c,APAZ_3f3cb7d6f1d146c8
WP_092048392.1,921f89d65b3e01f233b08dbfbb221c3f3960c039a765ed49d00ed8f5e8259b09,APAZ_3a12636fcafe1028
WP_092119516.1,45e6e8c52ca3978da0bb1aff7566bb139da9aa1d301e6b542cd393365abaa5e9,APAZ_188cc84173fb3253
WP_092226358.1,a6d28d28cad953a9d35c33da11d6a3bd02b0cb9fc2ac83ef56734a9350e27c8b,APAZ_52883a29fb13d079
WP_092282752.1,8532bab39c503d516fdd82581a89d3989002e2ec76df52ab19ed6f4d9da44694,APAZ_a09eafed4ffb486f
WP_092416776.1,760736deb1e70ce8250fbbdb739540deaab3786b9ec222720eefd273489a904e,APAZ_9f7e744fcb6df1d2
WP_092459739.1,2e51f6dce2aec53d6c37ddc8aa643a598903db0b652cb5ecad641167dc5fc55c,APAZ_451049c87404d703
WP_092637302.1,1d31b95fd9935d8ff9abb248b2665fce49e77078eb12c0993c912678bcb23faf,APAZ_1a6b7e7cbfb26f59
WP_092662301.1,a72496ff7d753aa29f7284267ea22c6cae61f7e9923adc42a07e1f6a6ac39062,APAZ_766e5a34c5bf5641
WP_092684840.1,383752608530c14ad475a4183957e3b945ae53262d628aca63b694ba35d6e275,APAZ_f61fefc230ff9705
WP_092821445.1,1eb554cbd44345b85eac867f133472e844db3bfa23540084f043eff833f0200b,APAZ_b47fcf9b0b299c69
WP_092838821.1,19b9a1c3cfcd199ea421185634592936c03b9eed7568c72c7fcbb2cc3d47e887,APAZ_ced655826d05d825
WP_092910136.1,6ae6fc4d54c050a6317f839a74dd94f5306dfb3b7b9c712cbbc16e2262601cf2,APAZ_eb1eb79c30c07e34
WP_092996169.1,09b823cb6a29cb3a36170b5a8e9e9d82f7e66ee4eb3e7be6eed15ff1e2707442,APAZ_5dafd88555c78e3a
WP_093039141.1,1ab6123b6b2d4258a9db0f7c409e4264f4217336c8e2831b65c07f456c80da62,APAZ_79fc6de6ae88be0c
WP_093081846.1,2725677b251a7d878fd80f114b6b8ef7033c16a948c3c11023582a01ff096d6d,APAZ_0dda5c185ef54eb5
WP_093153036.1,d26277669527fcabc4496ef7eab94bd6826cbf2f0d17a57f257efae55843bec8,APAZ_b902a8d3985717f7
WP_093164034.1,339ae06ad1bca89408ecfa8cd4791a4cec01dc6138f972bb32533ce52803f663,APAZ_cbf1f1694380a2eb
WP_093280827.1,1f3426a6d61762cf2728a1a83556e44e28994faa874e22d5231ea8af9a8556b2,APAZ_c4f1c3d629cd6ce9
WP_093307966.1,1aaca866dc9941d5a9a2223f0d7fb0ba0a02e1f84762f6787d3053b0cf0b34cf,APAZ_73d3fb549daac257
WP_093590751.1,a6b35e754c2a24ee3fe8599fb5493b623f0d57a72d2e8765464fad96b3abc1ad,APAZ_1d211f79e4bcf5f2
WP_093736217.1,982bcc1a2b51f96c1aea13658224325b0040a0cff366fd92f8640eaa312b9392,APAZ_c3199f78ae11483d
WP_093896586.1,f0e1f0d41041be3218048f638e7dd3b311ad46fc14b968a08ab1f68522ab10ff,APAZ_195719774490a832
WP_093992232.1,f0ec94c10abae8ddd29ec415468c1cd710fa25230b702e39024b7c4ec9cf4f40,APAZ_4b94c993a749163c
WP_094291737.1,511306dfe19da874353135b6550223649df56f457d798ae866ba4ee184db2fa1,APAZ_e497099851a35144
WP_094530879.1,11b4307212f6167839b6189b28a3fd0ea60401d916a4e1ee5b0fb09a70cb64ba,APAZ_f1fbd1ce5da0d69e
WP_095387429.1,0b9531c9364f01b85e3b854be74209a9b87a79a5e412a799e647d68d3e0dd7ec,APAZ_3070660e664cc5c1
WP_095447452.1,ffb4b2a80543897f3efaaf19431c0691a019b396fd9952ac2cc0a5557fa5e783,APAZ_fa2c37fbafe41982
WP_095565911.1,77b1828626e5f7c9591fc28324aa1fe9bff99aeeced492cab587917776e31637,APAZ_08243eb14c9d4b63
WP_095589297.1,5dc3b577389244ff306d37be039f233c79f157e3a6ac1bce001e1e6563568cc0,APAZ_d4c897656cd3194d
WP_095840540.1,65a01606af1b4ac51f48c25edadc0e9f4ec2200409a4c997b0402cae123dd534,APAZ_e3ca0715a5095ce7
WP_096391761.1,ee5f0a6758fca030a154355ac53470db1b6f96c33a058afe039060b71324e8ac,APAZ_57ac1a432b9cadef
WP_096462202.1,79ca7f408f49690cdd6dbe7e73ce8c02722a7f97e6e5e312e32e5389535aa6b2,APAZ_97f54e360ed01d0f
WP_096483475.1,b0c4b017c63486c812fbbeaf56af3217a472e0ffe39f99c2774d304bcf61eb49,APAZ_6b2047fcf1f92093
WP_096614338.1,59c66707263b7a2c32f11048fdcb5500a5244dea744d6bcfb98678829b270a94,APAZ_c2ff23ecbc26042a
WP_096683443.1,337d17754e889b53018bebe404d11ee1f0c898bb88267b7b379d060130de8d89,APAZ_35a32d17b158ac6e
WP_097031611.1,449dba180722bbfe9f11fab1e6db0528221a8ea3c465515f1a41bef4f313565d,APAZ_62f2ddc24bba50c9
WP_097082796.1,6f7ed85ced33a2ffb29a5cb83429d6de97bde0ebd31c3d6b3b1c280f850438b1,APAZ_ced655826d05d825
WP_097200709.1,41b3e2562e62c4ecf1874fd8f230aea0b8fc2051a8f9b98ff008798f74300e36,APAZ_785b0a273c9a636d
WP_097544714.1,3545a265fef8df443ce0ff5efa86a0f4a916833723171c53252dbb70f39a7703,APAZ_debeb64fe92ed01f
WP_097613865.1,55ca83247cefc7b38895595e5c5125a7c633262199e300b8eec01d1d32c29cfe,APAZ_b3b72de5c3b1e8e2
WP_097674963.1,bcf6f4d111d3e1a51a625a05ed5f9b760bdb5a1a5b71df7658493f60fe9da214,APAZ_2bc70b590092d104
WP_098063474.1,a074160293718efaa763ccddb382131cd5dd83047d57172011ea5ce55fc66168,APAZ_8f275c1301f730d1
WP_098195162.1,f6fcd1575143e4fed49b08768b9571b90a3f9fd0756f9379659287fff7f619ba,APAZ_3a4db5c2ab9d41d3
WP_098195322.1,4fa50da9113428586262993b76bb6bdedbb6e15a26d3f03f0be9b98f4581b23f,APAZ_dc0d8bbc0562dac7
WP_099076851.1,39fd186035d49e058951b58f3bdb45d1ca26de616f0777cd23f08d5af0c348f9,APAZ_0922e1b12411f3da
WP_099104184.1,d053c2c6520471261ab17b676603226db71911ad377590dd503d65a927863010,APAZ_d2fef551989eba2f
WP_099463422.1,7e8b76c57152612a12ef97790e58f4340ffc66364235f144fcc847218c60609f,APAZ_93c59c2c6d6b54e2
WP_099463435.1,a8a2cf5c6606f73cc385ff9afc152fe39b488ab89e84a319d2e7257d9505a396,APAZ_fc57f3f9334b4211
WP_099503355.1,9f4271ed26b28073c514f3398a3e0a428ac59a9c1ff54cbc26c13d1d71b7ab0b,APAZ_83fc5ee0654f5337
WP_099588558.1,aecd7ae16a345078c4fb3a7653932290530d3335190bfec64e754d934aabf6e0,APAZ_8e436a15f85c12c9
WP_099746952.1,3169f9b550ea3fea4279075cfa0b25febca57f493306c7c7b977831523c3857d,APAZ_31c982f34c71d794
WP_100085051.1,a2a68929a3f01ecbfdb8d9cc91c7f306d63e3c1f0180aa9d592c589e99cc073e,APAZ_202ec3954bb34ee3
WP_100221482.1,e7d035030377d1ad94de90e8d11c7204195058f62d86ec4eaf596bc7cbe26d26,APAZ_bce2a944fd1e948c
WP_100239905.1,12ca3137c76d308c2868652825737c09b5b2ea8d88d373be6238004bb8fcde43,APAZ_6be70add690d44f9
WP_100788469.1,194f259258f135c31dfc7ee0978d70dd5cb95e83c452cf845bf505e428e5fead,APAZ_ca51c64016b230a0
WP_100991967.1,d351606665d5f6a04a25bbfac097db487eea41ebf30961ffb52eb3dd97bac904,APAZ_d89211ecd3028c3b
WP_101237571.1,34054d56f931dcfe13a7af9f9e9110058e5bcec01a1dda4f87dfc03edb742f90,APAZ_616fdf5062b41ae8
WP_101603479.1,3d04ea378bd96400b95569e7eae83a794b2974f4d3a0bca50a43f061ae740148,APAZ_4c6ad8001917bb0d
WP_101944482.1,a6f4459846296b0399fd319bde1b6beb156096a84858a9d5c39e54944f35ab26,APAZ_71ec2ac62af685fa
WP_102073885.1,c301d8ecfe93c23f8f4f71e08e111900e9ed11d95e85fa14c3366cd830887bf1,APAZ_5396cea7a74a8afb
WP_102206007.1,20dd34668e5f9f98412ba159c237052855da73a8ce1aceca0cb730b2d0b97e5a,APAZ_5d4fcb52476e3779
